Log file open, 10/18/25 22:48:01
LogWindows: Failed to load 'aqProf.dll' (GetLastError=126)
LogWindows: File 'aqProf.dll' does not exist
LogWindows: Failed to load 'VtuneApi.dll' (GetLastError=126)
LogWindows: File 'VtuneApi.dll' does not exist
LogWindows: Failed to load 'VtuneApi32e.dll' (GetLastError=126)
LogWindows: File 'VtuneApi32e.dll' does not exist
LogConsoleResponse: Display: Failed to find resolution value strings in scalability ini. Falling back to default.
LogConsoleResponse: Display: Failed to find resolution value strings in scalability ini. Falling back to default.
LogInit: Display: Running engine for game: model
LogPlatformFile: Not using cached read wrapper
LogTaskGraph: Started task graph with 5 named threads and 35 total threads with 3 sets of task threads.
LogStats: Stats thread started at 0.202088
LogICUInternationalization: ICU TimeZone Detection - Raw Offset: +8:00, Platform Override: ''
LogInit: Display: Loading text-based GConfig....
LogPluginManager: Mounting plugin MeshPainting
LogPluginManager: Mounting plugin XGEController
LogPluginManager: Mounting plugin AISupport
LogPluginManager: Mounting plugin Paper2D
LogPluginManager: Mounting plugin EnvironmentQueryEditor
LogPluginManager: Mounting plugin LightPropagationVolume
LogPluginManager: Mounting plugin CLionSourceCodeAccess
LogPluginManager: Mounting plugin AnimationSharing
LogPluginManager: Mounting plugin CodeLiteSourceCodeAccess
LogPluginManager: Mounting plugin GitSourceControl
LogPluginManager: Mounting plugin KDevelopSourceCodeAccess
LogPluginManager: Mounting plugin PixWinPlugin
LogPluginManager: Mounting plugin PerforceSourceControl
LogPluginManager: Mounting plugin NullSourceCodeAccess
LogPluginManager: Mounting plugin PlasticSourceControl
LogPluginManager: Mounting plugin PropertyAccessNode
LogPluginManager: Mounting plugin PluginUtils
LogPluginManager: Mounting plugin SubversionSourceControl
LogPluginManager: Mounting plugin TextureFormatOodle
LogPluginManager: Mounting plugin RiderSourceCodeAccess
LogPluginManager: Mounting plugin UObjectPlugin
LogPluginManager: Mounting plugin VisualStudioSourceCodeAccess
LogPluginManager: Mounting plugin VisualStudioCodeSourceCodeAccess
LogPluginManager: Mounting plugin XCodeSourceCodeAccess
LogPluginManager: Mounting plugin GameplayCameras
LogPluginManager: Mounting plugin LiveLink
LogPluginManager: Mounting plugin AlembicImporter
LogPluginManager: Mounting plugin AutomationUtils
LogPluginManager: Mounting plugin BackChannel
LogPluginManager: Mounting plugin ChaosCloth
LogPluginManager: Mounting plugin ChaosClothEditor
LogPluginManager: Mounting plugin ChaosEditor
LogPluginManager: Mounting plugin ChaosSolverPlugin
LogPluginManager: Mounting plugin ChaosNiagara
LogPluginManager: Mounting plugin CharacterAI
LogPluginManager: Mounting plugin CameraShakePreviewer
LogPluginManager: Mounting plugin DatasmithContent
LogPluginManager: Mounting plugin GeometryCache
LogPluginManager: Mounting plugin GeometryCollectionPlugin
LogPluginManager: Mounting plugin GeometryProcessing
LogPluginManager: Mounting plugin MotoSynth
LogPluginManager: Mounting plugin OpenImageDenoise
LogPluginManager: Mounting plugin PlanarCut
LogPluginManager: Mounting plugin PlatformCrypto
LogPluginManager: Mounting plugin ProxyLODPlugin
LogPluginManager: Mounting plugin PythonScriptPlugin
LogPluginManager: Mounting plugin SkeletalReduction
LogPluginManager: Mounting plugin AssetManagerEditor
LogPluginManager: Mounting plugin CryptoKeys
LogPluginManager: Mounting plugin DataValidation
LogPluginManager: Mounting plugin CurveEditorTools
LogPluginManager: Mounting plugin FacialAnimation
LogPluginManager: Mounting plugin GameplayTagsEditor
LogPluginManager: Mounting plugin GeometryMode
LogPluginManager: Mounting plugin MacGraphicsSwitching
LogPluginManager: Mounting plugin MaterialAnalyzer
LogPluginManager: Mounting plugin MobileLauncherProfileWizard
LogPluginManager: Mounting plugin PluginBrowser
LogPluginManager: Mounting plugin SpeedTreeImporter
LogPluginManager: Mounting plugin OodleNetwork
LogPluginManager: Mounting plugin LuminPlatformFeatures
LogPluginManager: Mounting plugin MagicLeap
LogPluginManager: Mounting plugin OodleData
LogPluginManager: Mounting plugin MagicLeapLightEstimation
LogPluginManager: Mounting plugin MagicLeapMedia
LogPluginManager: Mounting plugin MagicLeapPassableWorld
LogPluginManager: Mounting plugin AndroidMedia
LogPluginManager: Mounting plugin AvfMedia
LogPluginManager: Mounting plugin MLSDK
LogPluginManager: Mounting plugin ImgMedia
LogPluginManager: Mounting plugin MediaCompositing
LogPluginManager: Mounting plugin MediaPlayerEditor
LogPluginManager: Mounting plugin WebMMedia
LogPluginManager: Mounting plugin WmfMedia
LogPluginManager: Mounting plugin OnlineSubsystem
LogPluginManager: Mounting plugin OnlineSubsystemNull
LogPluginManager: Mounting plugin OnlineSubsystemUtils
LogPluginManager: Mounting plugin Niagara
LogPluginManager: Mounting plugin ActorSequence
LogPluginManager: Mounting plugin LevelSequenceEditor
LogPluginManager: Mounting plugin MatineeToLevelSequence
LogPluginManager: Mounting plugin TemplateSequence
LogPluginManager: Mounting plugin LauncherChunkInstaller
LogPluginManager: Mounting plugin TcpMessaging
LogPluginManager: Mounting plugin UdpMessaging
LogPluginManager: Mounting plugin ActorLayerUtilities
LogPluginManager: Mounting plugin AndroidDeviceProfileSelector
LogPluginManager: Mounting plugin AndroidMoviePlayer
LogPluginManager: Mounting plugin AndroidPermission
LogPluginManager: Mounting plugin AppleMoviePlayer
LogPluginManager: Mounting plugin AppleImageUtils
LogPluginManager: Mounting plugin ArchVisCharacter
LogPluginManager: Mounting plugin AssetTags
LogPluginManager: Mounting plugin AudioCapture
LogPluginManager: Mounting plugin AudioSynesthesia
LogPluginManager: Mounting plugin CableComponent
LogPluginManager: Mounting plugin ChunkDownloader
LogPluginManager: Mounting plugin CustomMeshComponent
LogPluginManager: Mounting plugin EditableMesh
LogPluginManager: Mounting plugin ExampleDeviceProfileSelector
LogPluginManager: Mounting plugin GoogleCloudMessaging
LogPluginManager: Mounting plugin GooglePAD
LogPluginManager: Mounting plugin IOSDeviceProfileSelector
LogPluginManager: Mounting plugin LinuxDeviceProfileSelector
LogPluginManager: Mounting plugin LocationServicesBPLibrary
LogPluginManager: Mounting plugin MobilePatchingUtils
LogPluginManager: Mounting plugin OpenXR
LogPluginManager: Mounting plugin OpenXREyeTracker
LogPluginManager: Mounting plugin OpenXRHandTracking
LogPluginManager: Mounting plugin Takes
LogPluginManager: Mounting plugin PhysXVehicles
LogPluginManager: Mounting plugin PostSplashScreen
LogPluginManager: Mounting plugin ProceduralMeshComponent
LogPluginManager: Mounting plugin ScreenshotTools
LogPluginManager: Mounting plugin PropertyAccessEditor
LogPluginManager: Mounting plugin RuntimePhysXCooking
LogPluginManager: Mounting plugin SignificanceManager
LogPluginManager: Mounting plugin SoundFields
LogPluginManager: Mounting plugin Synthesis
LogPluginManager: Mounting plugin WebMMoviePlayer
LogPluginManager: Mounting plugin WindowsMoviePlayer
LogPluginManager: Mounting plugin VariantManagerContent
LogPluginManager: Mounting plugin ContentBrowserAssetDataSource
LogPluginManager: Mounting plugin ContentBrowserFileDataSource
LogPluginManager: Mounting plugin ContentBrowserClassDataSource
LogPluginManager: Mounting plugin OnlineSubsystemGooglePlay
LogPluginManager: Mounting plugin OnlineSubsystemIOS
LogPluginManager: Mounting plugin OculusVR
LogPluginManager: Mounting plugin SteamVR
PixWinPlugin: PIX capture plugin failed to initialize! Check that the process is launched from PIX.
LogInit: Using libcurl 7.55.1-DEV
LogInit:  - built for x86_64-pc-win32
LogInit:  - supports SSL with OpenSSL/1.1.1
LogInit:  - supports HTTP deflate (compression) using libz 1.2.8
LogInit:  - other features:
LogInit:      CURL_VERSION_SSL
LogInit:      CURL_VERSION_LIBZ
LogInit:      CURL_VERSION_IPV6
LogInit:      CURL_VERSION_ASYNCHDNS
LogInit:      CURL_VERSION_LARGEFILE
LogInit:      CURL_VERSION_IDN
LogInit:  CurlRequestOptions (configurable via config and command line):
LogInit:  - bVerifyPeer = true  - Libcurl will verify peer certificate
LogInit:  - bUseHttpProxy = false  - Libcurl will NOT use HTTP proxy
LogInit:  - bDontReuseConnections = false  - Libcurl will reuse connections
LogInit:  - MaxHostConnections = 16  - Libcurl will limit the number of connections to a host
LogInit:  - LocalHostAddr = Default
LogInit:  - BufferSize = 65536
LogOnline: OSS: Creating online subsystem instance for: NULL
LogInit: WinSock: version 1.1 (2.2), MaxSocks=32767, MaxUdp=65467
LogOnline: OSS: TryLoadSubsystemAndSetDefault: Loaded subsystem for module [NULL]
LogOculusPluginWrapper: OculusPlugin initialized successfully
LogHMD: Failed initializing OVRPlugin 1.59.0
LogInit: Build: ++UE4+Release-4.27-CL-18319896
LogInit: Engine Version: 4.27.2-18319896+++UE4+Release-4.27
LogInit: Compatible Engine Version: 4.27.0-17155196+++UE4+Release-4.27
LogInit: Net CL: 17155196
LogInit: OS: Windows 10 (Release 2009) (), CPU: 12th Gen Intel(R) Core(TM) i5-12400F, GPU: NVIDIA GeForce GTX 1660
LogInit: Compiled (64-bit): Nov 30 2021 07:12:08
LogInit: Compiled with Visual C++: 19.24.28315.00
LogInit: Build Configuration: Development
LogInit: Branch Name: ++UE4+Release-4.27
LogInit: Command Line: 
LogInit: Base Directory: D:/UE_4.27/Engine/Binaries/Win64/
LogInit: Allocator: TBB
LogInit: Installed Engine Build: 1
LogDevObjectVersion: Number of dev versions registered: 29
LogDevObjectVersion:   Dev-Blueprints (B0D832E4-1F89-4F0D-ACCF-7EB736FD4AA2): 10
LogDevObjectVersion:   Dev-Build (E1C64328-A22C-4D53-A36C-8E866417BD8C): 0
LogDevObjectVersion:   Dev-Core (375EC13C-06E4-48FB-B500-84F0262A717E): 4
LogDevObjectVersion:   Dev-Editor (E4B068ED-F494-42E9-A231-DA0B2E46BB41): 40
LogDevObjectVersion:   Dev-Framework (CFFC743F-43B0-4480-9391-14DF171D2073): 37
LogDevObjectVersion:   Dev-Mobile (B02B49B5-BB20-44E9-A304-32B752E40360): 3
LogDevObjectVersion:   Dev-Networking (A4E4105C-59A1-49B5-A7C5-40C4547EDFEE): 0
LogDevObjectVersion:   Dev-Online (39C831C9-5AE6-47DC-9A44-9C173E1C8E7C): 0
LogDevObjectVersion:   Dev-Physics (78F01B33-EBEA-4F98-B9B4-84EACCB95AA2): 14
LogDevObjectVersion:   Dev-Platform (6631380F-2D4D-43E0-8009-CF276956A95A): 0
LogDevObjectVersion:   Dev-Rendering (12F88B9F-8875-4AFC-A67C-D90C383ABD29): 45
LogDevObjectVersion:   Dev-Sequencer (7B5AE74C-D270-4C10-A958-57980B212A5A): 13
LogDevObjectVersion:   Dev-VR (D7296918-1DD6-4BDD-9DE2-64A83CC13884): 3
LogDevObjectVersion:   Dev-LoadTimes (C2A15278-BFE7-4AFE-6C17-90FF531DF755): 1
LogDevObjectVersion:   Private-Geometry (6EACA3D4-40EC-4CC1-B786-8BED09428FC5): 3
LogDevObjectVersion:   Dev-AnimPhys (29E575DD-E0A3-4627-9D10-D276232CDCEA): 17
LogDevObjectVersion:   Dev-Anim (AF43A65D-7FD3-4947-9873-3E8ED9C1BB05): 15
LogDevObjectVersion:   Dev-ReflectionCapture (6B266CEC-1EC7-4B8F-A30B-E4D90942FC07): 1
LogDevObjectVersion:   Dev-Automation (0DF73D61-A23F-47EA-B727-89E90C41499A): 1
LogDevObjectVersion:   FortniteMain (601D1886-AC64-4F84-AA16-D3DE0DEAC7D6): 47
LogDevObjectVersion:   FortniteRelease (E7086368-6B23-4C58-8439-1B7016265E91): 1
LogDevObjectVersion:   Dev-Enterprise (9DFFBCD6-494F-0158-E221-12823C92A888): 10
LogDevObjectVersion:   Dev-Niagara (F2AED0AC-9AFE-416F-8664-AA7FFA26D6FC): 1
LogDevObjectVersion:   Dev-Destruction (174F1F0B-B4C6-45A5-B13F-2EE8D0FB917D): 10
LogDevObjectVersion:   Dev-Physics-Ext (35F94A83-E258-406C-A318-09F59610247C): 41
LogDevObjectVersion:   Dev-PhysicsMaterial-Chaos (B68FC16E-8B1B-42E2-B453-215C058844FE): 1
LogDevObjectVersion:   Dev-CineCamera (B2E18506-4273-CFC2-A54E-F4BB758BBA07): 1
LogDevObjectVersion:   Dev-VirtualProduction (64F58936-FD1B-42BA-BA96-7289D5D0FA4E): 1
LogDevObjectVersion:   Dev-MediaFramework (6F0ED827-A609-4895-9C91-998D90180EA4): 2
LogInit: Presizing for max 25165824 objects, including 0 objects not considered by GC, pre-allocating 0 bytes for permanent pool.
LogConfig: Applying CVar settings from Section [/Script/Engine.StreamingSettings] File [D:/上传官网2/dfg-z1/RiceCooker ZJVol2/Saved/Config/Windows/Engine.ini]
LogConfig: Setting CVar [[s.MinBulkDataSizeForAsyncLoading:131072]]
LogConfig: Setting CVar [[s.AsyncLoadingThreadEnabled:0]]
LogConfig: Setting CVar [[s.EventDrivenLoaderEnabled:1]]
LogConfig: Setting CVar [[s.WarnIfTimeLimitExceeded:0]]
LogConfig: Setting CVar [[s.TimeLimitExceededMultiplier:1.5]]
LogConfig: Setting CVar [[s.TimeLimitExceededMinTime:0.005]]
LogConfig: Setting CVar [[s.UseBackgroundLevelStreaming:1]]
LogConfig: Setting CVar [[s.PriorityAsyncLoadingExtraTime:15.0]]
LogConfig: Setting CVar [[s.LevelStreamingActorsUpdateTimeLimit:5.0]]
LogConfig: Setting CVar [[s.PriorityLevelStreamingActorsUpdateExtraTime:5.0]]
LogConfig: Setting CVar [[s.LevelStreamingComponentsRegistrationGranularity:10]]
LogConfig: Setting CVar [[s.UnregisterComponentsTimeLimit:1.0]]
LogConfig: Setting CVar [[s.LevelStreamingComponentsUnregistrationGranularity:5]]
LogConfig: Setting CVar [[s.FlushStreamingOnExit:1]]
LogInit: Object subsystem initialized
LogConfig: Setting CVar [[con.DebugEarlyDefault:1]]
LogConfig: Setting CVar [[r.setres:1280x720]]
[2025.10.18-14.48.01:672][  0]LogConfig: Setting CVar [[r.VSync:0]]
[2025.10.18-14.48.01:672][  0]LogConfig: Setting CVar [[r.RHICmdBypass:0]]
[2025.10.18-14.48.01:672][  0]LogConfig: Applying CVar settings from Section [/Script/Engine.RendererSettings] File [D:/上传官网2/dfg-z1/RiceCooker ZJVol2/Saved/Config/Windows/Engine.ini]
[2025.10.18-14.48.01:672][  0]LogConfig: Setting CVar [[r.GPUCrashDebugging:0]]
[2025.10.18-14.48.01:672][  0]LogConfig: Setting CVar [[r.AllowGlobalClipPlane:1]]
[2025.10.18-14.48.01:672][  0]LogConfig: Applying CVar settings from Section [/Script/Engine.RendererOverrideSettings] File [D:/上传官网2/dfg-z1/RiceCooker ZJVol2/Saved/Config/Windows/Engine.ini]
[2025.10.18-14.48.01:672][  0]LogConfig: Applying CVar settings from Section [/Script/Engine.StreamingSettings] File [D:/上传官网2/dfg-z1/RiceCooker ZJVol2/Saved/Config/Windows/Engine.ini]
[2025.10.18-14.48.01:672][  0]LogConfig: Setting CVar [[s.MinBulkDataSizeForAsyncLoading:131072]]
[2025.10.18-14.48.01:672][  0]LogConfig: Setting CVar [[s.AsyncLoadingThreadEnabled:0]]
[2025.10.18-14.48.01:672][  0]LogConfig: Setting CVar [[s.EventDrivenLoaderEnabled:1]]
[2025.10.18-14.48.01:672][  0]LogConfig: Setting CVar [[s.WarnIfTimeLimitExceeded:0]]
[2025.10.18-14.48.01:672][  0]LogConfig: Setting CVar [[s.TimeLimitExceededMultiplier:1.5]]
[2025.10.18-14.48.01:672][  0]LogConfig: Setting CVar [[s.TimeLimitExceededMinTime:0.005]]
[2025.10.18-14.48.01:672][  0]LogConfig: Setting CVar [[s.UseBackgroundLevelStreaming:1]]
[2025.10.18-14.48.01:672][  0]LogConfig: Setting CVar [[s.PriorityAsyncLoadingExtraTime:15.0]]
[2025.10.18-14.48.01:672][  0]LogConfig: Setting CVar [[s.LevelStreamingActorsUpdateTimeLimit:5.0]]
[2025.10.18-14.48.01:672][  0]LogConfig: Setting CVar [[s.PriorityLevelStreamingActorsUpdateExtraTime:5.0]]
[2025.10.18-14.48.01:672][  0]LogConfig: Setting CVar [[s.LevelStreamingComponentsRegistrationGranularity:10]]
[2025.10.18-14.48.01:672][  0]LogConfig: Setting CVar [[s.UnregisterComponentsTimeLimit:1.0]]
[2025.10.18-14.48.01:672][  0]LogConfig: Setting CVar [[s.LevelStreamingComponentsUnregistrationGranularity:5]]
[2025.10.18-14.48.01:672][  0]LogConfig: Setting CVar [[s.FlushStreamingOnExit:1]]
[2025.10.18-14.48.01:672][  0]LogConfig: Applying CVar settings from Section [/Script/Engine.GarbageCollectionSettings] File [D:/上传官网2/dfg-z1/RiceCooker ZJVol2/Saved/Config/Windows/Engine.ini]
[2025.10.18-14.48.01:672][  0]LogConfig: Setting CVar [[gc.MaxObjectsNotConsideredByGC:1]]
[2025.10.18-14.48.01:672][  0]LogConfig: Setting CVar [[gc.SizeOfPermanentObjectPool:0]]
[2025.10.18-14.48.01:672][  0]LogConfig: Setting CVar [[gc.FlushStreamingOnGC:0]]
[2025.10.18-14.48.01:672][  0]LogConfig: Setting CVar [[gc.NumRetriesBeforeForcingGC:10]]
[2025.10.18-14.48.01:672][  0]LogConfig: Setting CVar [[gc.AllowParallelGC:1]]
[2025.10.18-14.48.01:672][  0]LogConfig: Setting CVar [[gc.TimeBetweenPurgingPendingKillObjects:61.1]]
[2025.10.18-14.48.01:672][  0]LogConfig: Setting CVar [[gc.MaxObjectsInEditor:25165824]]
[2025.10.18-14.48.01:672][  0]LogConfig: Setting CVar [[gc.IncrementalBeginDestroyEnabled:1]]
[2025.10.18-14.48.01:672][  0]LogConfig: Setting CVar [[gc.CreateGCClusters:1]]
[2025.10.18-14.48.01:672][  0]LogConfig: Setting CVar [[gc.MinGCClusterSize:5]]
[2025.10.18-14.48.01:672][  0]LogConfig: Setting CVar [[gc.ActorClusteringEnabled:0]]
[2025.10.18-14.48.01:672][  0]LogConfig: Setting CVar [[gc.BlueprintClusteringEnabled:0]]
[2025.10.18-14.48.01:672][  0]LogConfig: Setting CVar [[gc.UseDisregardForGCOnDedicatedServers:0]]
[2025.10.18-14.48.01:672][  0]LogConfig: Setting CVar [[gc.MultithreadedDestructionEnabled:1]]
[2025.10.18-14.48.01:672][  0]LogConfig: Applying CVar settings from Section [/Script/Engine.NetworkSettings] File [D:/上传官网2/dfg-z1/RiceCooker ZJVol2/Saved/Config/Windows/Engine.ini]
[2025.10.18-14.48.01:672][  0]LogConfig: Applying CVar settings from Section [/Script/UnrealEd.CookerSettings] File [D:/上传官网2/dfg-z1/RiceCooker ZJVol2/Saved/Config/Windows/Engine.ini]
[2025.10.18-14.48.01:676][  0]LogConfig: Applying CVar settings from Section [ViewDistanceQuality@3] File [D:/上传官网2/dfg-z1/RiceCooker ZJVol2/Saved/Config/Windows/Scalability.ini]
[2025.10.18-14.48.01:676][  0]LogConfig: Setting CVar [[r.SkeletalMeshLODBias:0]]
[2025.10.18-14.48.01:676][  0]LogConfig: Setting CVar [[r.ViewDistanceScale:1.0]]
[2025.10.18-14.48.01:676][  0]LogConfig: Applying CVar settings from Section [AntiAliasingQuality@3] File [D:/上传官网2/dfg-z1/RiceCooker ZJVol2/Saved/Config/Windows/Scalability.ini]
[2025.10.18-14.48.01:676][  0]LogConfig: Setting CVar [[r.PostProcessAAQuality:4]]
[2025.10.18-14.48.01:676][  0]LogConfig: Applying CVar settings from Section [ShadowQuality@3] File [D:/上传官网2/dfg-z1/RiceCooker ZJVol2/Saved/Config/Windows/Scalability.ini]
[2025.10.18-14.48.01:676][  0]LogConfig: Setting CVar [[r.LightFunctionQuality:1]]
[2025.10.18-14.48.01:676][  0]LogConfig: Setting CVar [[r.ShadowQuality:5]]
[2025.10.18-14.48.01:676][  0]LogConfig: Setting CVar [[r.Shadow.CSM.MaxCascades:10]]
[2025.10.18-14.48.01:676][  0]LogConfig: Setting CVar [[r.Shadow.MaxResolution:2048]]
[2025.10.18-14.48.01:676][  0]LogConfig: Setting CVar [[r.Shadow.MaxCSMResolution:2048]]
[2025.10.18-14.48.01:676][  0]LogConfig: Setting CVar [[r.Shadow.RadiusThreshold:0.01]]
[2025.10.18-14.48.01:676][  0]LogConfig: Setting CVar [[r.Shadow.DistanceScale:1.0]]
[2025.10.18-14.48.01:676][  0]LogConfig: Setting CVar [[r.Shadow.CSM.TransitionScale:1.0]]
[2025.10.18-14.48.01:676][  0]LogConfig: Setting CVar [[r.Shadow.PreShadowResolutionFactor:1.0]]
[2025.10.18-14.48.01:676][  0]LogConfig: Setting CVar [[r.DistanceFieldShadowing:1]]
[2025.10.18-14.48.01:676][  0]LogConfig: Setting CVar [[r.DistanceFieldAO:1]]
[2025.10.18-14.48.01:676][  0]LogConfig: Setting CVar [[r.AOQuality:2]]
[2025.10.18-14.48.01:676][  0]LogConfig: Setting CVar [[r.VolumetricFog:1]]
[2025.10.18-14.48.01:676][  0]LogConfig: Setting CVar [[r.VolumetricFog.GridPixelSize:8]]
[2025.10.18-14.48.01:676][  0]LogConfig: Setting CVar [[r.VolumetricFog.GridSizeZ:128]]
[2025.10.18-14.48.01:676][  0]LogConfig: Setting CVar [[r.VolumetricFog.HistoryMissSupersampleCount:4]]
[2025.10.18-14.48.01:676][  0]LogConfig: Setting CVar [[r.LightMaxDrawDistanceScale:1]]
[2025.10.18-14.48.01:676][  0]LogConfig: Setting CVar [[r.CapsuleShadows:1]]
[2025.10.18-14.48.01:676][  0]LogConfig: Applying CVar settings from Section [PostProcessQuality@3] File [D:/上传官网2/dfg-z1/RiceCooker ZJVol2/Saved/Config/Windows/Scalability.ini]
[2025.10.18-14.48.01:676][  0]LogConfig: Setting CVar [[r.MotionBlurQuality:4]]
[2025.10.18-14.48.01:676][  0]LogConfig: Setting CVar [[r.AmbientOcclusionMipLevelFactor:0.4]]
[2025.10.18-14.48.01:676][  0]LogConfig: Setting CVar [[r.AmbientOcclusionMaxQuality:100]]
[2025.10.18-14.48.01:676][  0]LogConfig: Setting CVar [[r.AmbientOcclusionLevels:-1]]
[2025.10.18-14.48.01:676][  0]LogConfig: Setting CVar [[r.AmbientOcclusionRadiusScale:1.0]]
[2025.10.18-14.48.01:676][  0]LogConfig: Setting CVar [[r.DepthOfFieldQuality:2]]
[2025.10.18-14.48.01:676][  0]LogConfig: Setting CVar [[r.RenderTargetPoolMin:400]]
[2025.10.18-14.48.01:676][  0]LogConfig: Setting CVar [[r.LensFlareQuality:2]]
[2025.10.18-14.48.01:676][  0]LogConfig: Setting CVar [[r.SceneColorFringeQuality:1]]
[2025.10.18-14.48.01:676][  0]LogConfig: Setting CVar [[r.EyeAdaptationQuality:2]]
[2025.10.18-14.48.01:676][  0]LogConfig: Setting CVar [[r.BloomQuality:5]]
[2025.10.18-14.48.01:676][  0]LogConfig: Setting CVar [[r.FastBlurThreshold:100]]
[2025.10.18-14.48.01:676][  0]LogConfig: Setting CVar [[r.Upscale.Quality:3]]
[2025.10.18-14.48.01:676][  0]LogConfig: Setting CVar [[r.Tonemapper.GrainQuantization:1]]
[2025.10.18-14.48.01:676][  0]LogConfig: Setting CVar [[r.LightShaftQuality:1]]
[2025.10.18-14.48.01:676][  0]LogConfig: Setting CVar [[r.Filter.SizeScale:1]]
[2025.10.18-14.48.01:676][  0]LogConfig: Setting CVar [[r.Tonemapper.Quality:5]]
[2025.10.18-14.48.01:676][  0]LogConfig: Setting CVar [[r.DOF.Gather.AccumulatorQuality:1        ; higher gathering accumulator quality]]
[2025.10.18-14.48.01:676][  0]LogConfig: Setting CVar [[r.DOF.Gather.PostfilterMethod:1          ; Median3x3 postfilering method]]
[2025.10.18-14.48.01:676][  0]LogConfig: Setting CVar [[r.DOF.Gather.EnableBokehSettings:0       ; no bokeh simulation when gathering]]
[2025.10.18-14.48.01:676][  0]LogConfig: Setting CVar [[r.DOF.Gather.RingCount:4                 ; medium number of samples when gathering]]
[2025.10.18-14.48.01:676][  0]LogConfig: Setting CVar [[r.DOF.Scatter.ForegroundCompositing:1    ; additive foreground scattering]]
[2025.10.18-14.48.01:676][  0]LogConfig: Setting CVar [[r.DOF.Scatter.BackgroundCompositing:2    ; additive background scattering]]
[2025.10.18-14.48.01:676][  0]LogConfig: Setting CVar [[r.DOF.Scatter.EnableBokehSettings:1      ; bokeh simulation when scattering]]
[2025.10.18-14.48.01:676][  0]LogConfig: Setting CVar [[r.DOF.Scatter.MaxSpriteRatio:0.1         ; only a maximum of 10% of scattered bokeh]]
[2025.10.18-14.48.01:676][  0]LogConfig: Setting CVar [[r.DOF.Recombine.Quality:1                ; cheap slight out of focus]]
[2025.10.18-14.48.01:676][  0]LogConfig: Setting CVar [[r.DOF.Recombine.EnableBokehSettings:0    ; no bokeh simulation on slight out of focus]]
[2025.10.18-14.48.01:676][  0]LogConfig: Setting CVar [[r.DOF.TemporalAAQuality:1                ; more stable temporal accumulation]]
[2025.10.18-14.48.01:676][  0]LogConfig: Setting CVar [[r.DOF.Kernel.MaxForegroundRadius:0.025]]
[2025.10.18-14.48.01:676][  0]LogConfig: Setting CVar [[r.DOF.Kernel.MaxBackgroundRadius:0.025]]
[2025.10.18-14.48.01:676][  0]LogConfig: Applying CVar settings from Section [TextureQuality@3] File [D:/上传官网2/dfg-z1/RiceCooker ZJVol2/Saved/Config/Windows/Scalability.ini]
[2025.10.18-14.48.01:676][  0]LogConfig: Setting CVar [[r.Streaming.MipBias:0]]
[2025.10.18-14.48.01:676][  0]LogConfig: Setting CVar [[r.Streaming.AmortizeCPUToGPUCopy:0]]
[2025.10.18-14.48.01:676][  0]LogConfig: Setting CVar [[r.Streaming.MaxNumTexturesToStreamPerFrame:0]]
[2025.10.18-14.48.01:676][  0]LogConfig: Setting CVar [[r.Streaming.Boost:1]]
[2025.10.18-14.48.01:676][  0]LogConfig: Setting CVar [[r.MaxAnisotropy:8]]
[2025.10.18-14.48.01:676][  0]LogConfig: Setting CVar [[r.VT.MaxAnisotropy:8]]
[2025.10.18-14.48.01:676][  0]LogConfig: Setting CVar [[r.Streaming.LimitPoolSizeToVRAM:0]]
[2025.10.18-14.48.01:676][  0]LogConfig: Setting CVar [[r.Streaming.PoolSize:1000]]
[2025.10.18-14.48.01:676][  0]LogConfig: Setting CVar [[r.Streaming.MaxEffectiveScreenSize:0]]
[2025.10.18-14.48.01:676][  0]LogConfig: Applying CVar settings from Section [EffectsQuality@3] File [D:/上传官网2/dfg-z1/RiceCooker ZJVol2/Saved/Config/Windows/Scalability.ini]
[2025.10.18-14.48.01:676][  0]LogConfig: Setting CVar [[r.TranslucencyLightingVolumeDim:64]]
[2025.10.18-14.48.01:676][  0]LogConfig: Setting CVar [[r.RefractionQuality:2]]
[2025.10.18-14.48.01:676][  0]LogConfig: Setting CVar [[r.SSR.Quality:3]]
[2025.10.18-14.48.01:676][  0]LogConfig: Setting CVar [[r.SSR.HalfResSceneColor:0]]
[2025.10.18-14.48.01:676][  0]LogConfig: Setting CVar [[r.SceneColorFormat:4]]
[2025.10.18-14.48.01:676][  0]LogConfig: Setting CVar [[r.DetailMode:2]]
[2025.10.18-14.48.01:676][  0]LogConfig: Setting CVar [[r.TranslucencyVolumeBlur:1]]
[2025.10.18-14.48.01:676][  0]LogConfig: Setting CVar [[r.MaterialQualityLevel:1 ; High quality]]
[2025.10.18-14.48.01:676][  0]LogConfig: Setting CVar [[r.AnisotropicMaterials:1]]
[2025.10.18-14.48.01:676][  0]LogConfig: Setting CVar [[r.SSS.Scale:1]]
[2025.10.18-14.48.01:676][  0]LogConfig: Setting CVar [[r.SSS.SampleSet:2]]
[2025.10.18-14.48.01:676][  0]LogConfig: Setting CVar [[r.SSS.Quality:1]]
[2025.10.18-14.48.01:676][  0]LogConfig: Setting CVar [[r.SSS.HalfRes:0]]
[2025.10.18-14.48.01:676][  0]LogConfig: Setting CVar [[r.SSGI.Quality:3]]
[2025.10.18-14.48.01:677][  0]LogConfig: Setting CVar [[r.EmitterSpawnRateScale:1.0]]
[2025.10.18-14.48.01:677][  0]LogConfig: Setting CVar [[r.ParticleLightQuality:2]]
[2025.10.18-14.48.01:677][  0]LogConfig: Setting CVar [[r.SkyAtmosphere.AerialPerspectiveLUT.FastApplyOnOpaque:1 ; Always have FastSkyLUT 1 in this case to avoid wrong sky]]
[2025.10.18-14.48.01:677][  0]LogConfig: Setting CVar [[r.SkyAtmosphere.AerialPerspectiveLUT.SampleCountMaxPerSlice:4]]
[2025.10.18-14.48.01:677][  0]LogConfig: Setting CVar [[r.SkyAtmosphere.AerialPerspectiveLUT.DepthResolution:16.0]]
[2025.10.18-14.48.01:677][  0]LogConfig: Setting CVar [[r.SkyAtmosphere.FastSkyLUT:1]]
[2025.10.18-14.48.01:677][  0]LogConfig: Setting CVar [[r.SkyAtmosphere.FastSkyLUT.SampleCountMin:4.0]]
[2025.10.18-14.48.01:677][  0]LogConfig: Setting CVar [[r.SkyAtmosphere.FastSkyLUT.SampleCountMax:128.0]]
[2025.10.18-14.48.01:677][  0]LogConfig: Setting CVar [[r.SkyAtmosphere.SampleCountMin:4.0]]
[2025.10.18-14.48.01:677][  0]LogConfig: Setting CVar [[r.SkyAtmosphere.SampleCountMax:128.0]]
[2025.10.18-14.48.01:677][  0]LogConfig: Setting CVar [[r.SkyAtmosphere.TransmittanceLUT.UseSmallFormat:0]]
[2025.10.18-14.48.01:677][  0]LogConfig: Setting CVar [[r.SkyAtmosphere.TransmittanceLUT.SampleCount:10.0]]
[2025.10.18-14.48.01:677][  0]LogConfig: Setting CVar [[r.SkyAtmosphere.MultiScatteringLUT.SampleCount:15.0]]
[2025.10.18-14.48.01:677][  0]LogConfig: Setting CVar [[r.SkyLight.RealTimeReflectionCapture:1]]
[2025.10.18-14.48.01:677][  0]LogConfig: Applying CVar settings from Section [FoliageQuality@3] File [D:/上传官网2/dfg-z1/RiceCooker ZJVol2/Saved/Config/Windows/Scalability.ini]
[2025.10.18-14.48.01:677][  0]LogConfig: Setting CVar [[foliage.DensityScale:1.0]]
[2025.10.18-14.48.01:677][  0]LogConfig: Setting CVar [[grass.DensityScale:1.0]]
[2025.10.18-14.48.01:677][  0]LogConfig: Applying CVar settings from Section [ShadingQuality@3] File [D:/上传官网2/dfg-z1/RiceCooker ZJVol2/Saved/Config/Windows/Scalability.ini]
[2025.10.18-14.48.01:677][  0]LogConfig: Setting CVar [[r.HairStrands.SkyLighting.IntegrationType:2]]
[2025.10.18-14.48.01:677][  0]LogConfig: Setting CVar [[r.HairStrands.SkyAO.SampleCount:4]]
[2025.10.18-14.48.01:677][  0]LogConfig: Setting CVar [[r.HairStrands.Visibility.MSAA.SamplePerPixel:4]]
[2025.10.18-14.48.01:677][  0]LogInit: Selected Device Profile: [Windows]
[2025.10.18-14.48.01:677][  0]LogInit: Applying CVar settings loaded from the selected device profile: [Windows]
[2025.10.18-14.48.01:677][  0]LogHAL: Display: Platform has ~ 32 GB [34160525312 / 34359738368 / 32], which maps to Largest [LargestMinGB=32, LargerMinGB=12, DefaultMinGB=8, SmallerMinGB=6, SmallestMinGB=0)
[2025.10.18-14.48.01:677][  0]LogInit: Going up to parent DeviceProfile []
[2025.10.18-14.48.01:677][  0]LogConfig: Applying CVar settings from Section [ViewDistanceQuality@3] File [D:/上传官网2/dfg-z1/RiceCooker ZJVol2/Saved/Config/Windows/Scalability.ini]
[2025.10.18-14.48.01:677][  0]LogConfig: Setting CVar [[r.SkeletalMeshLODBias:0]]
[2025.10.18-14.48.01:677][  0]LogConfig: Setting CVar [[r.ViewDistanceScale:1.0]]
[2025.10.18-14.48.01:677][  0]LogConfig: Applying CVar settings from Section [AntiAliasingQuality@3] File [D:/上传官网2/dfg-z1/RiceCooker ZJVol2/Saved/Config/Windows/Scalability.ini]
[2025.10.18-14.48.01:677][  0]LogConfig: Setting CVar [[r.PostProcessAAQuality:4]]
[2025.10.18-14.48.01:677][  0]LogConfig: Applying CVar settings from Section [ShadowQuality@3] File [D:/上传官网2/dfg-z1/RiceCooker ZJVol2/Saved/Config/Windows/Scalability.ini]
[2025.10.18-14.48.01:677][  0]LogConfig: Setting CVar [[r.LightFunctionQuality:1]]
[2025.10.18-14.48.01:677][  0]LogConfig: Setting CVar [[r.ShadowQuality:5]]
[2025.10.18-14.48.01:677][  0]LogConfig: Setting CVar [[r.Shadow.CSM.MaxCascades:10]]
[2025.10.18-14.48.01:677][  0]LogConfig: Setting CVar [[r.Shadow.MaxResolution:2048]]
[2025.10.18-14.48.01:677][  0]LogConfig: Setting CVar [[r.Shadow.MaxCSMResolution:2048]]
[2025.10.18-14.48.01:677][  0]LogConfig: Setting CVar [[r.Shadow.RadiusThreshold:0.01]]
[2025.10.18-14.48.01:677][  0]LogConfig: Setting CVar [[r.Shadow.DistanceScale:1.0]]
[2025.10.18-14.48.01:677][  0]LogConfig: Setting CVar [[r.Shadow.CSM.TransitionScale:1.0]]
[2025.10.18-14.48.01:677][  0]LogConfig: Setting CVar [[r.Shadow.PreShadowResolutionFactor:1.0]]
[2025.10.18-14.48.01:677][  0]LogConfig: Setting CVar [[r.DistanceFieldShadowing:1]]
[2025.10.18-14.48.01:677][  0]LogConfig: Setting CVar [[r.DistanceFieldAO:1]]
[2025.10.18-14.48.01:677][  0]LogConfig: Setting CVar [[r.AOQuality:2]]
[2025.10.18-14.48.01:677][  0]LogConfig: Setting CVar [[r.VolumetricFog:1]]
[2025.10.18-14.48.01:677][  0]LogConfig: Setting CVar [[r.VolumetricFog.GridPixelSize:8]]
[2025.10.18-14.48.01:677][  0]LogConfig: Setting CVar [[r.VolumetricFog.GridSizeZ:128]]
[2025.10.18-14.48.01:677][  0]LogConfig: Setting CVar [[r.VolumetricFog.HistoryMissSupersampleCount:4]]
[2025.10.18-14.48.01:677][  0]LogConfig: Setting CVar [[r.LightMaxDrawDistanceScale:1]]
[2025.10.18-14.48.01:677][  0]LogConfig: Setting CVar [[r.CapsuleShadows:1]]
[2025.10.18-14.48.01:677][  0]LogConfig: Applying CVar settings from Section [PostProcessQuality@3] File [D:/上传官网2/dfg-z1/RiceCooker ZJVol2/Saved/Config/Windows/Scalability.ini]
[2025.10.18-14.48.01:677][  0]LogConfig: Setting CVar [[r.MotionBlurQuality:4]]
[2025.10.18-14.48.01:677][  0]LogConfig: Setting CVar [[r.AmbientOcclusionMipLevelFactor:0.4]]
[2025.10.18-14.48.01:677][  0]LogConfig: Setting CVar [[r.AmbientOcclusionMaxQuality:100]]
[2025.10.18-14.48.01:677][  0]LogConfig: Setting CVar [[r.AmbientOcclusionLevels:-1]]
[2025.10.18-14.48.01:677][  0]LogConfig: Setting CVar [[r.AmbientOcclusionRadiusScale:1.0]]
[2025.10.18-14.48.01:677][  0]LogConfig: Setting CVar [[r.DepthOfFieldQuality:2]]
[2025.10.18-14.48.01:677][  0]LogConfig: Setting CVar [[r.RenderTargetPoolMin:400]]
[2025.10.18-14.48.01:677][  0]LogConfig: Setting CVar [[r.LensFlareQuality:2]]
[2025.10.18-14.48.01:677][  0]LogConfig: Setting CVar [[r.SceneColorFringeQuality:1]]
[2025.10.18-14.48.01:677][  0]LogConfig: Setting CVar [[r.EyeAdaptationQuality:2]]
[2025.10.18-14.48.01:677][  0]LogConfig: Setting CVar [[r.BloomQuality:5]]
[2025.10.18-14.48.01:677][  0]LogConfig: Setting CVar [[r.FastBlurThreshold:100]]
[2025.10.18-14.48.01:677][  0]LogConfig: Setting CVar [[r.Upscale.Quality:3]]
[2025.10.18-14.48.01:677][  0]LogConfig: Setting CVar [[r.Tonemapper.GrainQuantization:1]]
[2025.10.18-14.48.01:677][  0]LogConfig: Setting CVar [[r.LightShaftQuality:1]]
[2025.10.18-14.48.01:677][  0]LogConfig: Setting CVar [[r.Filter.SizeScale:1]]
[2025.10.18-14.48.01:677][  0]LogConfig: Setting CVar [[r.Tonemapper.Quality:5]]
[2025.10.18-14.48.01:677][  0]LogConfig: Setting CVar [[r.DOF.Gather.AccumulatorQuality:1        ; higher gathering accumulator quality]]
[2025.10.18-14.48.01:677][  0]LogConfig: Setting CVar [[r.DOF.Gather.PostfilterMethod:1          ; Median3x3 postfilering method]]
[2025.10.18-14.48.01:677][  0]LogConfig: Setting CVar [[r.DOF.Gather.EnableBokehSettings:0       ; no bokeh simulation when gathering]]
[2025.10.18-14.48.01:677][  0]LogConfig: Setting CVar [[r.DOF.Gather.RingCount:4                 ; medium number of samples when gathering]]
[2025.10.18-14.48.01:677][  0]LogConfig: Setting CVar [[r.DOF.Scatter.ForegroundCompositing:1    ; additive foreground scattering]]
[2025.10.18-14.48.01:677][  0]LogConfig: Setting CVar [[r.DOF.Scatter.BackgroundCompositing:2    ; additive background scattering]]
[2025.10.18-14.48.01:677][  0]LogConfig: Setting CVar [[r.DOF.Scatter.EnableBokehSettings:1      ; bokeh simulation when scattering]]
[2025.10.18-14.48.01:677][  0]LogConfig: Setting CVar [[r.DOF.Scatter.MaxSpriteRatio:0.1         ; only a maximum of 10% of scattered bokeh]]
[2025.10.18-14.48.01:677][  0]LogConfig: Setting CVar [[r.DOF.Recombine.Quality:1                ; cheap slight out of focus]]
[2025.10.18-14.48.01:677][  0]LogConfig: Setting CVar [[r.DOF.Recombine.EnableBokehSettings:0    ; no bokeh simulation on slight out of focus]]
[2025.10.18-14.48.01:677][  0]LogConfig: Setting CVar [[r.DOF.TemporalAAQuality:1                ; more stable temporal accumulation]]
[2025.10.18-14.48.01:677][  0]LogConfig: Setting CVar [[r.DOF.Kernel.MaxForegroundRadius:0.025]]
[2025.10.18-14.48.01:677][  0]LogConfig: Setting CVar [[r.DOF.Kernel.MaxBackgroundRadius:0.025]]
[2025.10.18-14.48.01:677][  0]LogConfig: Applying CVar settings from Section [TextureQuality@3] File [D:/上传官网2/dfg-z1/RiceCooker ZJVol2/Saved/Config/Windows/Scalability.ini]
[2025.10.18-14.48.01:677][  0]LogConfig: Setting CVar [[r.Streaming.MipBias:0]]
[2025.10.18-14.48.01:677][  0]LogConfig: Setting CVar [[r.Streaming.AmortizeCPUToGPUCopy:0]]
[2025.10.18-14.48.01:677][  0]LogConfig: Setting CVar [[r.Streaming.MaxNumTexturesToStreamPerFrame:0]]
[2025.10.18-14.48.01:677][  0]LogConfig: Setting CVar [[r.Streaming.Boost:1]]
[2025.10.18-14.48.01:677][  0]LogConfig: Setting CVar [[r.MaxAnisotropy:8]]
[2025.10.18-14.48.01:677][  0]LogConfig: Setting CVar [[r.VT.MaxAnisotropy:8]]
[2025.10.18-14.48.01:677][  0]LogConfig: Setting CVar [[r.Streaming.LimitPoolSizeToVRAM:0]]
[2025.10.18-14.48.01:677][  0]LogConfig: Setting CVar [[r.Streaming.PoolSize:1000]]
[2025.10.18-14.48.01:677][  0]LogConfig: Setting CVar [[r.Streaming.MaxEffectiveScreenSize:0]]
[2025.10.18-14.48.01:677][  0]LogConfig: Applying CVar settings from Section [EffectsQuality@3] File [D:/上传官网2/dfg-z1/RiceCooker ZJVol2/Saved/Config/Windows/Scalability.ini]
[2025.10.18-14.48.01:677][  0]LogConfig: Setting CVar [[r.TranslucencyLightingVolumeDim:64]]
[2025.10.18-14.48.01:677][  0]LogConfig: Setting CVar [[r.RefractionQuality:2]]
[2025.10.18-14.48.01:677][  0]LogConfig: Setting CVar [[r.SSR.Quality:3]]
[2025.10.18-14.48.01:677][  0]LogConfig: Setting CVar [[r.SSR.HalfResSceneColor:0]]
[2025.10.18-14.48.01:677][  0]LogConfig: Setting CVar [[r.SceneColorFormat:4]]
[2025.10.18-14.48.01:677][  0]LogConfig: Setting CVar [[r.DetailMode:2]]
[2025.10.18-14.48.01:677][  0]LogConfig: Setting CVar [[r.TranslucencyVolumeBlur:1]]
[2025.10.18-14.48.01:677][  0]LogConfig: Setting CVar [[r.MaterialQualityLevel:1 ; High quality]]
[2025.10.18-14.48.01:677][  0]LogConfig: Setting CVar [[r.AnisotropicMaterials:1]]
[2025.10.18-14.48.01:677][  0]LogConfig: Setting CVar [[r.SSS.Scale:1]]
[2025.10.18-14.48.01:677][  0]LogConfig: Setting CVar [[r.SSS.SampleSet:2]]
[2025.10.18-14.48.01:677][  0]LogConfig: Setting CVar [[r.SSS.Quality:1]]
[2025.10.18-14.48.01:677][  0]LogConfig: Setting CVar [[r.SSS.HalfRes:0]]
[2025.10.18-14.48.01:677][  0]LogConfig: Setting CVar [[r.SSGI.Quality:3]]
[2025.10.18-14.48.01:677][  0]LogConfig: Setting CVar [[r.EmitterSpawnRateScale:1.0]]
[2025.10.18-14.48.01:677][  0]LogConfig: Setting CVar [[r.ParticleLightQuality:2]]
[2025.10.18-14.48.01:677][  0]LogConfig: Setting CVar [[r.SkyAtmosphere.AerialPerspectiveLUT.FastApplyOnOpaque:1 ; Always have FastSkyLUT 1 in this case to avoid wrong sky]]
[2025.10.18-14.48.01:677][  0]LogConfig: Setting CVar [[r.SkyAtmosphere.AerialPerspectiveLUT.SampleCountMaxPerSlice:4]]
[2025.10.18-14.48.01:677][  0]LogConfig: Setting CVar [[r.SkyAtmosphere.AerialPerspectiveLUT.DepthResolution:16.0]]
[2025.10.18-14.48.01:677][  0]LogConfig: Setting CVar [[r.SkyAtmosphere.FastSkyLUT:1]]
[2025.10.18-14.48.01:677][  0]LogConfig: Setting CVar [[r.SkyAtmosphere.FastSkyLUT.SampleCountMin:4.0]]
[2025.10.18-14.48.01:677][  0]LogConfig: Setting CVar [[r.SkyAtmosphere.FastSkyLUT.SampleCountMax:128.0]]
[2025.10.18-14.48.01:677][  0]LogConfig: Setting CVar [[r.SkyAtmosphere.SampleCountMin:4.0]]
[2025.10.18-14.48.01:677][  0]LogConfig: Setting CVar [[r.SkyAtmosphere.SampleCountMax:128.0]]
[2025.10.18-14.48.01:677][  0]LogConfig: Setting CVar [[r.SkyAtmosphere.TransmittanceLUT.UseSmallFormat:0]]
[2025.10.18-14.48.01:677][  0]LogConfig: Setting CVar [[r.SkyAtmosphere.TransmittanceLUT.SampleCount:10.0]]
[2025.10.18-14.48.01:678][  0]LogConfig: Setting CVar [[r.SkyAtmosphere.MultiScatteringLUT.SampleCount:15.0]]
[2025.10.18-14.48.01:678][  0]LogConfig: Setting CVar [[r.SkyLight.RealTimeReflectionCapture:1]]
[2025.10.18-14.48.01:678][  0]LogConfig: Applying CVar settings from Section [FoliageQuality@3] File [D:/上传官网2/dfg-z1/RiceCooker ZJVol2/Saved/Config/Windows/Scalability.ini]
[2025.10.18-14.48.01:678][  0]LogConfig: Setting CVar [[foliage.DensityScale:1.0]]
[2025.10.18-14.48.01:678][  0]LogConfig: Setting CVar [[grass.DensityScale:1.0]]
[2025.10.18-14.48.01:678][  0]LogConfig: Applying CVar settings from Section [ShadingQuality@3] File [D:/上传官网2/dfg-z1/RiceCooker ZJVol2/Saved/Config/Windows/Scalability.ini]
[2025.10.18-14.48.01:678][  0]LogConfig: Setting CVar [[r.HairStrands.SkyLighting.IntegrationType:2]]
[2025.10.18-14.48.01:678][  0]LogConfig: Setting CVar [[r.HairStrands.SkyAO.SampleCount:4]]
[2025.10.18-14.48.01:678][  0]LogConfig: Setting CVar [[r.HairStrands.Visibility.MSAA.SamplePerPixel:4]]
[2025.10.18-14.48.01:678][  0]LogConfig: Applying CVar settings from Section [Startup] File [../../../Engine/Config/ConsoleVariables.ini]
[2025.10.18-14.48.01:678][  0]LogConfig: Setting CVar [[net.UseAdaptiveNetUpdateFrequency:0]]
[2025.10.18-14.48.01:678][  0]LogConfig: Setting CVar [[p.chaos.AllowCreatePhysxBodies:1]]
[2025.10.18-14.48.01:678][  0]LogConfig: Setting CVar [[fx.SkipVectorVMBackendOptimizations:1]]
[2025.10.18-14.48.01:678][  0]LogConfig: Applying CVar settings from Section [ConsoleVariables] File [D:/上传官网2/dfg-z1/RiceCooker ZJVol2/Saved/Config/Windows/Engine.ini]
[2025.10.18-14.48.01:678][  0]LogConfig: Applying CVar settings from Section [ConsoleVariables] File [D:/上传官网2/dfg-z1/RiceCooker ZJVol2/Saved/Config/Windows/Editor.ini]
[2025.10.18-14.48.01:678][  0]LogInit: Computer: NEW
[2025.10.18-14.48.01:678][  0]LogInit: User: Administrator
[2025.10.18-14.48.01:678][  0]LogInit: CPU Page size=4096, Cores=6
[2025.10.18-14.48.01:678][  0]LogInit: High frequency timer resolution =10.000000 MHz
[2025.10.18-14.48.01:678][  0]LogMemory: Memory total: Physical=31.8GB (32GB approx)
[2025.10.18-14.48.01:678][  0]LogMemory: Platform Memory Stats for Windows
[2025.10.18-14.48.01:678][  0]LogMemory: Process Physical Memory: 148.73 MB used, 148.73 MB peak
[2025.10.18-14.48.01:678][  0]LogMemory: Process Virtual Memory: 123.51 MB used, 123.51 MB peak
[2025.10.18-14.48.01:678][  0]LogMemory: Physical Memory: 16602.21 MB used,  15975.80 MB free, 32578.02 MB total
[2025.10.18-14.48.01:678][  0]LogMemory: Virtual Memory: 134194640.00 MB used,  23090.82 MB free, 134217728.00 MB total
[2025.10.18-14.48.01:679][  0]LogWindows: WindowsPlatformFeatures enabled
[2025.10.18-14.48.01:731][  0]LogInit: Physics initialised using underlying interface: PhysX
[2025.10.18-14.48.01:732][  0]LogInit: Using OS detected language (zh-CN).
[2025.10.18-14.48.01:732][  0]LogInit: Using OS detected locale (zh-CN).
[2025.10.18-14.48.01:733][  0]LogTextLocalizationManager: No specific localization for 'zh-CN' exists, so the 'zh-Hans' localization will be used.
[2025.10.18-14.48.01:824][  0]LogTextLocalizationResource: LocRes '../../../Engine/Content/Localization/Editor/zh/Editor.locres' could not be opened for reading!
[2025.10.18-14.48.01:824][  0]LogTextLocalizationResource: LocRes '../../../Engine/Content/Localization/EditorTutorials/zh/EditorTutorials.locres' could not be opened for reading!
[2025.10.18-14.48.01:825][  0]LogTextLocalizationResource: LocRes '../../../Engine/Content/Localization/Keywords/zh/Keywords.locres' could not be opened for reading!
[2025.10.18-14.48.01:825][  0]LogTextLocalizationResource: LocRes '../../../Engine/Content/Localization/Category/zh/Category.locres' could not be opened for reading!
[2025.10.18-14.48.01:825][  0]LogTextLocalizationResource: LocRes '../../../Engine/Content/Localization/ToolTips/zh/ToolTips.locres' could not be opened for reading!
[2025.10.18-14.48.01:825][  0]LogTextLocalizationResource: LocRes '../../../Engine/Content/Localization/PropertyNames/zh/PropertyNames.locres' could not be opened for reading!
[2025.10.18-14.48.01:825][  0]LogTextLocalizationResource: LocRes '../../../Engine/Content/Localization/Engine/zh/Engine.locres' could not be opened for reading!
[2025.10.18-14.48.01:825][  0]LogTextLocalizationResource: LocRes '../../../Engine/Plugins/Online/OnlineSubsystem/Content/Localization/OnlineSubsystem/zh/OnlineSubsystem.locres' could not be opened for reading!
[2025.10.18-14.48.01:825][  0]LogTextLocalizationResource: LocRes '../../../Engine/Plugins/Online/OnlineSubsystemUtils/Content/Localization/OnlineSubsystemUtils/zh/OnlineSubsystemUtils.locres' could not be opened for reading!
[2025.10.18-14.48.01:825][  0]LogTextLocalizationResource: LocRes '../../../Engine/Plugins/Online/Android/OnlineSubsystemGooglePlay/Content/Localization/OnlineSubsystemGooglePlay/zh/OnlineSubsystemGooglePlay.locres' could not be opened for reading!
[2025.10.18-14.48.01:825][  0]LogTextLocalizationResource: LocRes '../../../Engine/Plugins/Online/IOS/OnlineSubsystemIOS/Content/Localization/OnlineSubsystemIOS/zh/OnlineSubsystemIOS.locres' could not be opened for reading!
[2025.10.18-14.48.01:866][  0]LogInit: Setting process to per monitor DPI aware
[2025.10.18-14.48.01:877][  0]LogWindowsTextInputMethodSystem: Display: IME system deactivated.
[2025.10.18-14.48.01:887][  0]LogSlate: New Slate User Created.  User Index 0, Is Virtual User: 0
[2025.10.18-14.48.01:887][  0]LogSlate: Slate User Registered.  User Index 0, Is Virtual User: 0
[2025.10.18-14.48.01:985][  0]LogD3D11RHI: Loaded GFSDK_Aftermath_Lib.x64.dll
[2025.10.18-14.48.01:988][  0]LogHMD: Failed to initialize OpenVR with code 110
[2025.10.18-14.48.01:988][  0]LogD3D11RHI: D3D11 min allowed feature level: 11_0
[2025.10.18-14.48.01:988][  0]LogD3D11RHI: D3D11 max allowed feature level: 11_0
[2025.10.18-14.48.01:988][  0]LogD3D11RHI: D3D11 adapters:
[2025.10.18-14.48.02:156][  0]LogD3D11RHI:    0. 'NVIDIA GeForce GTX 1660' (Feature Level 11_0)
[2025.10.18-14.48.02:156][  0]LogD3D11RHI:       5966/0/16289 MB DedicatedVideo/DedicatedSystem/SharedSystem, Outputs:1, VendorId:0x10de
[2025.10.18-14.48.02:158][  0]LogD3D11RHI:    1. 'Microsoft Basic Render Driver' (Feature Level 11_0)
[2025.10.18-14.48.02:158][  0]LogD3D11RHI:       0/0/16289 MB DedicatedVideo/DedicatedSystem/SharedSystem, Outputs:0, VendorId:0x1414
[2025.10.18-14.48.02:276][  0]LogD3D11RHI:    2. 'NVIDIA GeForce GTX 1660' (Feature Level 11_0)
[2025.10.18-14.48.02:276][  0]LogD3D11RHI:       5966/0/16289 MB DedicatedVideo/DedicatedSystem/SharedSystem, Outputs:0, VendorId:0x10de
[2025.10.18-14.48.02:276][  0]LogD3D11RHI: Chosen D3D11 Adapter:
[2025.10.18-14.48.02:276][  0]LogD3D11RHI:     Description : NVIDIA GeForce GTX 1660
[2025.10.18-14.48.02:276][  0]LogD3D11RHI:     VendorId    : 10de
[2025.10.18-14.48.02:276][  0]LogD3D11RHI:     DeviceId    : 2184
[2025.10.18-14.48.02:276][  0]LogD3D11RHI:     SubSysId    : 155119da
[2025.10.18-14.48.02:276][  0]LogD3D11RHI:     Revision    : 00a1
[2025.10.18-14.48.02:276][  0]LogD3D11RHI:     DedicatedVideoMemory : 6255804416 bytes
[2025.10.18-14.48.02:276][  0]LogD3D11RHI:     DedicatedSystemMemory : 0 bytes
[2025.10.18-14.48.02:276][  0]LogD3D11RHI:     SharedSystemMemory : 17080262656 bytes
[2025.10.18-14.48.02:276][  0]LogD3D11RHI:     AdapterLuid : 0 62190
[2025.10.18-14.48.02:282][  0]LogD3D11RHI: Creating new Direct3DDevice
[2025.10.18-14.48.02:282][  0]LogD3D11RHI:     GPU DeviceId: 0x2184 (for the marketing name, search the web for "GPU Device Id")
[2025.10.18-14.48.02:282][  0]LogWindows: EnumDisplayDevices:
[2025.10.18-14.48.02:282][  0]LogWindows:    0. 'NVIDIA GeForce GTX 1660' (P:1 D:1)
[2025.10.18-14.48.02:283][  0]LogWindows:    1. 'NVIDIA GeForce GTX 1660' (P:0 D:0)
[2025.10.18-14.48.02:283][  0]LogWindows:    2. 'NVIDIA GeForce GTX 1660' (P:0 D:0)
[2025.10.18-14.48.02:283][  0]LogWindows:    3. 'NVIDIA GeForce GTX 1660' (P:0 D:0)
[2025.10.18-14.48.02:283][  0]LogWindows:    4. 'OrayIddDriver Device' (P:0 D:0)
[2025.10.18-14.48.02:283][  0]LogWindows:    5. 'OrayIddDriver Device' (P:0 D:0)
[2025.10.18-14.48.02:284][  0]LogWindows:    6. 'OrayIddDriver Device' (P:0 D:0)
[2025.10.18-14.48.02:284][  0]LogWindows:    7. 'OrayIddDriver Device' (P:0 D:0)
[2025.10.18-14.48.02:284][  0]LogWindows:    8. 'OrayIddDriver Device' (P:0 D:0)
[2025.10.18-14.48.02:284][  0]LogWindows:    9. 'OrayIddDriver Device' (P:0 D:0)
[2025.10.18-14.48.02:284][  0]LogWindows:    10. 'OrayIddDriver Device' (P:0 D:0)
[2025.10.18-14.48.02:285][  0]LogWindows:    11. 'OrayIddDriver Device' (P:0 D:0)
[2025.10.18-14.48.02:285][  0]LogWindows:    12. 'OrayIddDriver Device' (P:0 D:0)
[2025.10.18-14.48.02:285][  0]LogWindows:    13. 'OrayIddDriver Device' (P:0 D:0)
[2025.10.18-14.48.02:285][  0]LogWindows: DebugString: GetVideoDriverDetailsInvalid PrimaryIsNotTheChoosenAdapter GetVideoDriverDetailsInvalid PrimaryIsNotTheChoosenAdapter GetVideoDriverDetailsInvalid PrimaryIsNotTheChoosenAdapter GetVideoDriverDetailsInvalid PrimaryIsNotTheChoosenAdapter GetVideoDriverDetailsInvalid PrimaryIsNotTheChoosenAdapter GetVideoDriverDetailsInvalid PrimaryIsNotTheChoosenAdapter GetVideoDriverDetailsInvalid PrimaryIsNotTheChoosenAdapter GetVideoDriverDetailsInvalid PrimaryIsNotTheChoosenAdapter GetVideoDriverDetailsInvalid PrimaryIsNotTheChoosenAdapter GetVideoDriverDetailsInvalid PrimaryIsNotTheChoosenAdapter FoundDriverCount:4 
[2025.10.18-14.48.02:285][  0]LogD3D11RHI:     Adapter Name: NVIDIA GeForce GTX 1660
[2025.10.18-14.48.02:285][  0]LogD3D11RHI:   Driver Version: 576.88 (internal:32.0.15.7688, unified:576.88)
[2025.10.18-14.48.02:285][  0]LogD3D11RHI:      Driver Date: 6-24-2025
[2025.10.18-14.48.02:285][  0]LogRHI: Texture pool is 4176 MB (70% of 5966 MB)
[2025.10.18-14.48.02:285][  0]LogD3D11RHI: Creating D3DDevice using adapter:
[2025.10.18-14.48.02:285][  0]LogD3D11RHI:     Description : NVIDIA GeForce GTX 1660
[2025.10.18-14.48.02:285][  0]LogD3D11RHI:     VendorId    : 10de
[2025.10.18-14.48.02:285][  0]LogD3D11RHI:     DeviceId    : 2184
[2025.10.18-14.48.02:285][  0]LogD3D11RHI:     SubSysId    : 155119da
[2025.10.18-14.48.02:285][  0]LogD3D11RHI:     Revision    : 00a1
[2025.10.18-14.48.02:285][  0]LogD3D11RHI:     DedicatedVideoMemory : 6255804416 bytes
[2025.10.18-14.48.02:285][  0]LogD3D11RHI:     DedicatedSystemMemory : 0 bytes
[2025.10.18-14.48.02:285][  0]LogD3D11RHI:     SharedSystemMemory : 17080262656 bytes
[2025.10.18-14.48.02:285][  0]LogD3D11RHI:     AdapterLuid : 0 62190
[2025.10.18-14.48.02:398][  0]LogD3D11RHI: RHI has support for 64 bit atomics
[2025.10.18-14.48.02:398][  0]LogD3D11RHI: Async texture creation enabled
[2025.10.18-14.48.02:398][  0]LogD3D11RHI: Array index from any shader is supported
[2025.10.18-14.48.02:409][  0]LogD3D11RHI: GPU Timing Frequency: 1000.000000 (Debug: 2 1)
[2025.10.18-14.48.02:440][  0]LogRHI: GeForceNow SDK initialized: 1
[2025.10.18-14.48.02:707][  0]LogTargetPlatformManager: Display: Loaded TargetPlatform 'AllDesktop'
[2025.10.18-14.48.02:722][  0]LogTargetPlatformManager: Display: Loaded TargetPlatform 'Android'
[2025.10.18-14.48.02:722][  0]LogTargetPlatformManager: Display: Loaded TargetPlatform 'Android_ASTC'
[2025.10.18-14.48.02:722][  0]LogTargetPlatformManager: Display: Loaded TargetPlatform 'Android_DXT'
[2025.10.18-14.48.02:722][  0]LogTargetPlatformManager: Display: Loaded TargetPlatform 'Android_ETC2'
[2025.10.18-14.48.02:722][  0]LogTargetPlatformManager: Display: Loaded TargetPlatform 'AndroidClient'
[2025.10.18-14.48.02:722][  0]LogTargetPlatformManager: Display: Loaded TargetPlatform 'Android_ASTCClient'
[2025.10.18-14.48.02:722][  0]LogTargetPlatformManager: Display: Loaded TargetPlatform 'Android_DXTClient'
[2025.10.18-14.48.02:722][  0]LogTargetPlatformManager: Display: Loaded TargetPlatform 'Android_ETC2Client'
[2025.10.18-14.48.02:722][  0]LogTargetPlatformManager: Display: Loaded TargetPlatform 'Android_Multi'
[2025.10.18-14.48.02:722][  0]LogTargetPlatformManager: Display: Loaded TargetPlatform 'Android_MultiClient'
[2025.10.18-14.48.02:735][  0]LogTargetPlatformManager: Display: Loaded TargetPlatform 'IOSClient'
[2025.10.18-14.48.02:735][  0]LogTargetPlatformManager: Display: Loaded TargetPlatform 'IOS'
[2025.10.18-14.48.02:741][  0]LogTargetPlatformManager: Display: Loaded TargetPlatform 'Linux'
[2025.10.18-14.48.02:745][  0]LogTargetPlatformManager: Display: Loaded TargetPlatform 'LinuxNoEditor'
[2025.10.18-14.48.02:748][  0]LogTargetPlatformManager: Display: Loaded TargetPlatform 'LinuxClient'
[2025.10.18-14.48.02:751][  0]LogTargetPlatformManager: Display: Loaded TargetPlatform 'LinuxServer'
[2025.10.18-14.48.02:757][  0]LogTargetPlatformManager: Display: Loaded TargetPlatform 'LinuxAArch64NoEditor'
[2025.10.18-14.48.02:761][  0]LogTargetPlatformManager: Display: Loaded TargetPlatform 'LinuxAArch64Client'
[2025.10.18-14.48.02:764][  0]LogTargetPlatformManager: Display: Loaded TargetPlatform 'LinuxAArch64Server'
[2025.10.18-14.48.02:779][  0]LogTargetPlatformManager: Display: Loaded TargetPlatform 'Lumin'
[2025.10.18-14.48.02:779][  0]LogTargetPlatformManager: Display: Loaded TargetPlatform 'LuminClient'
[2025.10.18-14.48.02:785][  0]LogTargetPlatformManager: Display: Loaded TargetPlatform 'MacNoEditor'
[2025.10.18-14.48.02:789][  0]LogTargetPlatformManager: Display: Loaded TargetPlatform 'Mac'
[2025.10.18-14.48.02:792][  0]LogTargetPlatformManager: Display: Loaded TargetPlatform 'MacClient'
[2025.10.18-14.48.02:795][  0]LogTargetPlatformManager: Display: Loaded TargetPlatform 'MacServer'
[2025.10.18-14.48.02:802][  0]LogTargetPlatformManager: Display: Loaded TargetPlatform 'TVOSClient'
[2025.10.18-14.48.02:802][  0]LogTargetPlatformManager: Display: Loaded TargetPlatform 'TVOS'
[2025.10.18-14.48.02:808][  0]LogTargetPlatformManager: Display: Loaded TargetPlatform 'WindowsNoEditor'
[2025.10.18-14.48.02:811][  0]LogTargetPlatformManager: Display: Loaded TargetPlatform 'Windows'
[2025.10.18-14.48.02:815][  0]LogTargetPlatformManager: Display: Loaded TargetPlatform 'WindowsClient'
[2025.10.18-14.48.02:818][  0]LogTargetPlatformManager: Display: Loaded TargetPlatform 'WindowsServer'
[2025.10.18-14.48.02:818][  0]LogTargetPlatformManager: Display: Building Assets For Windows
[2025.10.18-14.48.02:824][  0]LogAudioDebug: Display: Lib vorbis DLL was dynamically loaded.
[2025.10.18-14.48.02:848][  0]LogTextureFormatOodle: Display: Oodle Texture 2.9.0 init RDO Off
[2025.10.18-14.48.02:873][  0]LogRendererCore: Ray tracing is disabled. Reason: r.RayTracing=0.
[2025.10.18-14.48.02:873][  0]LogShaderCompilers: Guid format shader working directory is 11 characters bigger than the processId version (../../../../上传官网2/dfg-z1/RiceCooker ZJVol2/Intermediate/Shaders/WorkingDirectory/30404/).
[2025.10.18-14.48.02:873][  0]LogShaderCompilers: Cleaned the shader compiler working directory 'C:/Users/Administrator/AppData/Local/Temp/UnrealShaderWorkingDir/BD4E8E36449FB5D8E13C67871C274A82/'.
[2025.10.18-14.48.02:874][  0]LogXGEController: Cannot use XGE Controller as Incredibuild is not installed on this machine.
[2025.10.18-14.48.02:874][  0]LogShaderCompilers: Cannot use XGE Shader Compiler as Incredibuild is not installed on this machine.
[2025.10.18-14.48.02:874][  0]LogShaderCompilers: Display: Using Local Shader Compiler.
[2025.10.18-14.48.03:452][  0]LogDerivedDataCache: Display: Max Cache Size: 512 MB
[2025.10.18-14.48.03:503][  0]LogDerivedDataCache: Loaded boot cache 0.05s 111MB C:/Users/Administrator/AppData/Local/UnrealEngine/4.27/DerivedDataCache/Boot.ddc.
[2025.10.18-14.48.03:503][  0]LogDerivedDataCache: Display: Loaded Boot cache: C:/Users/Administrator/AppData/Local/UnrealEngine/4.27/DerivedDataCache/Boot.ddc
[2025.10.18-14.48.03:503][  0]LogDerivedDataCache: FDerivedDataBackendGraph:  Pak pak cache file ../../../../上传官网2/dfg-z1/RiceCooker ZJVol2/DerivedDataCache/DDC.ddp not found, will not use a pak cache.
[2025.10.18-14.48.03:503][  0]LogDerivedDataCache: Unable to find inner node Pak for hierarchical cache Hierarchy.
[2025.10.18-14.48.03:503][  0]LogDerivedDataCache: FDerivedDataBackendGraph:  CompressedPak pak cache file ../../../../上传官网2/dfg-z1/RiceCooker ZJVol2/DerivedDataCache/Compressed.ddp not found, will not use a pak cache.
[2025.10.18-14.48.03:503][  0]LogDerivedDataCache: Unable to find inner node CompressedPak for hierarchical cache Hierarchy.
[2025.10.18-14.48.03:516][  0]LogDerivedDataCache: Display: Pak cache opened for reading ../../../Engine/DerivedDataCache/Compressed.ddp.
[2025.10.18-14.48.03:516][  0]LogDerivedDataCache: FDerivedDataBackendGraph:  EnterprisePak pak cache file ../../../Enterprise/DerivedDataCache/Compressed.ddp not found, will not use a pak cache.
[2025.10.18-14.48.03:516][  0]LogDerivedDataCache: Unable to find inner node EnterprisePak for hierarchical cache Hierarchy.
[2025.10.18-14.48.03:522][  0]LogDerivedDataCache: Speed tests for C:/Users/Administrator/AppData/Local/UnrealEngine/Common/DerivedDataCache took 0.01 seconds
[2025.10.18-14.48.03:522][  0]LogDerivedDataCache: Display: Performance to C:/Users/Administrator/AppData/Local/UnrealEngine/Common/DerivedDataCache: Latency=0.05ms. RandomReadSpeed=1418.29MBs, RandomWriteSpeed=196.73MBs. Assigned SpeedClass 'Local'
[2025.10.18-14.48.03:523][  0]LogDerivedDataCache: Using Local data cache path C:/Users/Administrator/AppData/Local/UnrealEngine/Common/DerivedDataCache: Writable
[2025.10.18-14.48.03:523][  0]LogDerivedDataCache: Shared data cache path not found in *engine.ini, will not use an Shared cache.
[2025.10.18-14.48.03:523][  0]LogDerivedDataCache: Unable to find inner node Shared for hierarchical cache Hierarchy.
[2025.10.18-14.48.03:554][  0]LogSlate: Using FreeType 2.10.0
[2025.10.18-14.48.03:554][  0]LogSlate: SlateFontServices - WITH_FREETYPE: 1, WITH_HARFBUZZ: 1
[2025.10.18-14.48.03:574][  0]LogAssetRegistry: FAssetRegistry took 0.0020 seconds to start up
[2025.10.18-14.48.03:736][  0]LogInit: Selected Device Profile: [Windows]
[2025.10.18-14.48.03:736][  0]LogInit: Active device profile: [0000013F5E74CC00][0000013F5BA40380 49] Windows
[2025.10.18-14.48.03:736][  0]LogInit: Profiles: [0000013F5E74CC00][0000013F5BA40380 49] Windows, [0000013F5E716200][0000013F5CEAA500 49] WindowsNoEditor, [0000013F5E74DA00][0000013F5CEA6640 49] WindowsServer, [0000013F5E716F00][0000013F5CEAE780 49] WindowsClient, [0000013F5E74E600][0000013F5CEB28C0 49] IOS, [0000013F5E714E00][0000013F5CEBAA40 49] iPadAir, [0000013F5E74CA00][0000013F5CEBEBC0 49] iPadAir2, [0000013F5E6B4E00][0000013F5CEC6E80 49] IPadPro, [0000013F5E6B4F00][0000013F5CEC2EC0 49] iPadAir3, [0000013F5E716300][0000013F5CECB040 49] iPadAir4, [0000013F5E6B7400][0000013F5F2151C0 49] iPadMini2, [0000013F5E715600][0000013F5F219340 49] iPadMini3, [0000013F5E6B7A00][0000013F5F21D4C0 49] iPadMini4, [0000013F5E717300][0000013F5F221640 49] iPadMini5, [0000013F5E6F0800][0000013F5F22D900 49] iPhone6, [0000013F5E6F0900][0000013F5F225940 49] iPodTouch6, [0000013F5E74F000][0000013F5F2A5C00 49] iPhone7, [0000013F5E74F100][0000013F5F2A00C0 49] iPodTouch7, [0000013F5E6B7500][0000013F5F2B0240 49] iPhone5S, [0000013F5E6B4600][0000013F54A003C0 49] iPhone6Plus, [0000013F5E6F2800][0000013F54A1C540 49] iPhone6S, [0000013F5E6B5400][0000013F54A206C0 49] iPhone6SPlus, [0000013F5E6F2600][0000013F5CEB6800 49] iPhone7Plus, [0000013F5E6B7D00][0000013F54A24940 49] iPhoneSE, [0000013F5E6F2500][0000013F54A28A80 49] iPhone8, [0000013F5E6B5800][0000013F54A34BC0 49] iPhone8Plus, [0000013F5E74EA00][0000013F54A3CD40 49] iPhoneX, [0000013F5E6B6800][0000013F54A40EC0 49] iPhoneXS, [0000013F5E74ED00][0000013F54A45040 49] iPhoneXSMax, [0000013F5E6B4D00][0000013F5CAF71C0 49] iPhoneXR, [0000013F5E74D900][0000013F5CB03340 49] iPhone11, [0000013F5E6B6700][0000013F595AD4C0 49] iPhone11Pro, [0000013F5E74CE00][0000013F595BB640 49] iPhone11ProMax, [0000013F5E6B4400][0000013F595BF7C0 49] iPhoneSE2, [0000013F5E74C400][0000013F595C3940 49] iPhone12Mini, [0000013F5E6B4A00][0000013F5CB79AC0 49] iPhone12, [0000013F5E74FC00][0000013F5CB7C0C0 49] iPhone12Pro, [0000013F5E6B5600][0000013F5F35E240 49] iPhone12ProMax, [0000013F5E74E000][0000013F5F3623C0 49] iPadPro105, [0000013F5E6B6500][0000013F5F366540 49] iPadPro129, [0000013F5E74C600][0000013F5CAFE6C0 49] iPadPro97, [0000013F5E6B7900][0000013F5F6DA840 49] iPadPro2_129, [0000013F5E74FE00][0000013F54A38980 49] iPad5, [0000013F5E6B5100][0000013F5F6DEAC0 49] iPad6, [0000013F5E74F600][0000013F5F6E6C00 49] iPad7, [0000013F5E6B7700][0000013F5F6EAD40 49] iPad8, [0000013F5E74E400][0000013F5F28CEC0 49] iPadPro11, [0000013F5E6B4500][0000013F5F29D040 49] iPadPro2_11, [0000013F5E74EE00][0000013F595D31C0 49] iPadPro3_129, [0000013F5E6B6C00][0000013F595D7340 49] iPadPro4_129, [0000013F5E74D700][0000013F595DB4C0 49] AppleTV, [0000013F5E6B5C00][0000013F595DF640 49] AppleTV4K, [0000013F5E74E500][0000013F5F56B7C0 49] TVOS, [0000013F5E6B5F00][0000013F5F56F940 49] Mac, [0000013F5E74CF00][0000013F5F989AC0 49] MacClient, [0000013F5E6B5200][0000013F5F98C0C0 49] MacNoEditor, [0000013F5E74C700][0000013F5F990240 49] MacServer, [0000013F5E6B5500][0000013F5F9943C0 49] Linux, [0000013F5E74FB00][0000013F5F998540 49] LinuxAArch64, [0000013F5E6B4200][0000013F5FB206C0 49] LinuxNoEditor, [0000013F5E74C200][0000013F5FB24840 49] LinuxAArch64NoEditor, [0000013F5E6B7800][0000013F5FB289C0 49] LinuxClient, [0000013F5E74F300][0000013F5FB68B40 49] LinuxAArch64Client, [0000013F5E6B6200][0000013F5F288C80 49] LinuxServer, [0000013F5E74E200][0000013F5FB70DC0 49] LinuxAArch64Server, [0000013F5E6B6A00][0000013F5FB74F00 49] Android, [0000013F5E74FF00][0000013F5FBBB080 49] Android_Low, [0000013F5E6B4C00][0000013F5FBBF200 49] Android_Mid, [0000013F5E74DC00][0000013F5F235380 49] Android_High, [0000013F5E6B6900][0000013F5F23D500 49] Android_Default, [0000013F5E74D600][0000013F5F241680 49] Android_Adreno4xx, [0000013F5E6B5900][0000013F5F245800 49] Android_Adreno5xx_Low, [0000013F5E74D300][0000013F5F249980 49] Android_Adreno5xx, [0000013F5E6F3800][0000013F5F24DB00 49] Android_Adreno6xx, [0000013F5E715500][0000013F5F356100 49] Android_Adreno6xx_Vulkan, [0000013F5E6F1E00][0000013F5F35A280 49] Android_Mali_T6xx, [0000013F5E715200][0000013F5FB78400 49] Android_Mali_T7xx, [0000013F5E6F1400][0000013F5F272580 49] Android_Mali_T8xx, [0000013F5E715800][0000013F5F276700 49] Android_Mali_G71, [0000013F5E6F0C00][0000013F5F27A880 49] Android_Mali_G72, [0000013F5E716B00][0000013F5F27EA00 49] Android_Mali_G72_Vulkan, [0000013F5E6F0400][0000013F5FB6CB80 49] Android_Mali_G76, [0000013F5E714B00][0000013F5F238D00 49] Android_Mali_G76_Vulkan, [0000013F5E6F3400][0000013F5FBB6E40 49] Android_Mali_G77, [0000013F5E716700][0000013F5CB58F80 49] Android_Mali_G77_Vulkan, [0000013F5E6F2400][0000013F5CB5D0C0 49] Android_Mali_G78, [0000013F5E716E00][0000013F5CB65240 49] Android_Mali_G78_Vulkan, [0000013F5E6F3600][0000013F5CB693C0 49] Android_Mali_G710, [0000013F5E714F00][0000013F5CB6D540 49] Android_Mali_G710_Vulkan, [0000013F5E6F2900][0000013F5CB716C0 49] Android_Vulkan_SM5, [0000013F5E717E00][0000013F5CB75840 49] Android_PowerVR_G6xxx, [0000013F5E6F1500][0000013F546479C0 49] Android_PowerVR_GT7xxx, [0000013F5E716800][0000013F5464BB40 49] Android_PowerVR_GE8xxx, [0000013F5E6F1D00][0000013F5464E140 49] Android_PowerVR_GM9xxx, [0000013F5E714D00][0000013F546522C0 49] Android_PowerVR_GM9xxx_Vulkan, [0000013F5E6F0F00][0000013F54656440 49] Android_TegraK1, [0000013F5E716D00][0000013F5465A5C0 49] Android_Unknown_Vulkan, [0000013F5E6F3200][0000013F5465E740 49] Lumin, [0000013F5E717500][0000013F546628C0 49] Lumin_Desktop, [0000013F5E6F1300][0000013F54666A40 49] HoloLens, 
[2025.10.18-14.48.03:832][  0]LogMeshReduction: Using QuadricMeshReduction for automatic static mesh reduction
[2025.10.18-14.48.03:832][  0]LogMeshReduction: Using SimplygonMeshReduction for automatic skeletal mesh reduction
[2025.10.18-14.48.03:832][  0]LogMeshReduction: Using ProxyLODMeshReduction for automatic mesh merging
[2025.10.18-14.48.03:832][  0]LogMeshReduction: No distributed automatic mesh merging module available
[2025.10.18-14.48.03:832][  0]LogMeshMerging: No distributed automatic mesh merging module available
[2025.10.18-14.48.03:844][  0]LogNetVersion: model 1.0.0, NetCL: 17155196, EngineNetVer: 17, GameNetVer: 0 (Checksum: 3530826561)
[2025.10.18-14.48.04:126][  0]LogTexture: Default maximum texture size for cubemaps generated from long-lat sources has been changed from 512 to unlimited. In order to preserve old behaiour for '/Engine/MapTemplates/Sky/DaylightAmbientCubemap.DaylightAmbientCubemap', its maximum texture size has been explicitly set to 512.
[2025.10.18-14.48.04:166][  0]LogHMD: PokeAHoleMaterial loaded successfully
[2025.10.18-14.48.04:170][  0]LogUObjectArray: 17178 objects as part of root set at end of initial load.
[2025.10.18-14.48.04:170][  0]LogUObjectAllocator: 4302048 out of 0 bytes used by permanent object pool.
[2025.10.18-14.48.04:170][  0]LogUObjectArray: CloseDisregardForGC: 0/0 objects in disregard for GC pool
[2025.10.18-14.48.04:291][  0]LogPython: Using Python 3.7.7
[2025.10.18-14.48.04:782][  0]LogNiagaraDebuggerClient: Niagara Debugger Client Initialized | Session: D6DAB45147CB52BCC4917095AF1098B9 | Instance: 38E9B9B445D07012D26D0D8AFF4B8C3E (NEW-30404).
[2025.10.18-14.48.04:822][  0]LogTcpMessaging: Initializing TcpMessaging bridge
[2025.10.18-14.48.04:825][  0]LogUdpMessaging: Initializing bridge on interface 0.0.0.0:0 to multicast group 230.0.0.1:6666.
[2025.10.18-14.48.04:892][  0]SourceControl: 源码管理已禁用
[2025.10.18-14.48.04:892][  0]SourceControl: 源码管理已禁用
[2025.10.18-14.48.04:895][  0]SourceControl: 源码管理已禁用
[2025.10.18-14.48.04:897][  0]SourceControl: 源码管理已禁用
[2025.10.18-14.48.04:902][  0]SourceControl: 源码管理已禁用
[2025.10.18-14.48.04:910][  0]LogUProjectInfo: Found projects:
[2025.10.18-14.48.04:914][  0]LogVSAccessor: Display: Unable to create Visual Studio setup instance: 80040154
[2025.10.18-14.48.04:914][  0]LogVSAccessor: Display: Unable to create Visual Studio setup instance: 80040154
[2025.10.18-14.48.04:914][  0]LogVSAccessor: Display: Unable to create Visual Studio setup instance: 80040154
[2025.10.18-14.48.05:064][  0]LogOpenImageDenoise: OIDN starting up
[2025.10.18-14.48.05:145][  0]LogAndroidPermission: UAndroidPermissionCallbackProxy::GetInstance
[2025.10.18-14.48.05:162][  0]LogAudioCaptureCore: Display: No Audio Capture implementations found. Audio input will be silent.
[2025.10.18-14.48.05:163][  0]LogAudioCaptureCore: Display: No Audio Capture implementations found. Audio input will be silent.
[2025.10.18-14.48.05:269][  0]LogCollectionManager: Loaded 0 collections in 0.000458 seconds
[2025.10.18-14.48.05:288][  0]LogFileCache: Scanning file cache for directory 'D:/上传官网2/dfg-z1/RiceCooker ZJVol2/Saved/Collections/' took 0.00s
[2025.10.18-14.48.05:288][  0]LogFileCache: Scanning file cache for directory 'D:/上传官网2/dfg-z1/RiceCooker ZJVol2/Content/Developers/Administrator/Collections/' took 0.00s
[2025.10.18-14.48.05:288][  0]LogFileCache: Scanning file cache for directory 'D:/上传官网2/dfg-z1/RiceCooker ZJVol2/Content/Collections/' took 0.00s
[2025.10.18-14.48.05:288][  0]LogOcInput: OculusInput pre-init called
[2025.10.18-14.48.05:475][  0]LogEngine: Initializing Engine...
[2025.10.18-14.48.05:477][  0]LogHMD: Failed to enumerate extensions. Please check that you have a valid OpenXR runtime installed.
[2025.10.18-14.48.05:478][  0]LogHMD: Failed to initialize OpenVR with code 110
[2025.10.18-14.48.05:478][  0]LogMagicLeap: Warning: VR disabled because ZI is not enabled.  To enable, in the editor, Edit -> Project Settings -> Plugins -> Magic Leap Plugin -> Enable Zero Iteration
[2025.10.18-14.48.05:478][  0]LogStats: UGameplayTagsManager::InitializeManager -  0.000 s
[2025.10.18-14.48.05:565][  0]LogInit: Initializing FReadOnlyCVARCache
[2025.10.18-14.48.05:571][  0]LogAIModule: Creating AISystem for world Untitled
[2025.10.18-14.48.05:578][  0]LogAudio: Display: Initializing Audio Device Manager...
[2025.10.18-14.48.05:581][  0]LogAudio: Display: Loading Default Audio Settings Objects...
[2025.10.18-14.48.05:581][  0]LogAudio: Display: No default SoundConcurrencyObject specified (or failed to load).
[2025.10.18-14.48.05:582][  0]LogAudio: Display: Audio Device Manager Initialized
[2025.10.18-14.48.05:582][  0]LogAudio: Display: Creating Audio Device:                 Id: 1, Scope: Shared, Realtime: True
[2025.10.18-14.48.05:582][  0]LogAudioMixer: Display: Audio Mixer Platform Settings:
[2025.10.18-14.48.05:582][  0]LogAudioMixer: Display: 	Sample Rate:						  48000
[2025.10.18-14.48.05:582][  0]LogAudioMixer: Display: 	Callback Buffer Frame Size Requested: 1024
[2025.10.18-14.48.05:582][  0]LogAudioMixer: Display: 	Callback Buffer Frame Size To Use:	  1024
[2025.10.18-14.48.05:582][  0]LogAudioMixer: Display: 	Number of buffers to queue:			  2
[2025.10.18-14.48.05:582][  0]LogAudioMixer: Display: 	Max Channels (voices):				  32
[2025.10.18-14.48.05:582][  0]LogAudioMixer: Display: 	Number of Async Source Workers:		  0
[2025.10.18-14.48.05:582][  0]LogAudio: Display: AudioDevice MaxSources: 32
[2025.10.18-14.48.05:582][  0]LogAudio: Display: Audio Spatialization Plugin: None (built-in).
[2025.10.18-14.48.05:582][  0]LogAudio: Display: Audio Reverb Plugin: None (built-in).
[2025.10.18-14.48.05:582][  0]LogAudio: Display: Audio Occlusion Plugin: None (built-in).
[2025.10.18-14.48.05:582][  0]LogAudioMixer: Display: Initializing audio mixer.
[2025.10.18-14.48.05:591][  0]LogAudioMixer: Display: 0: FrontLeft
[2025.10.18-14.48.05:591][  0]LogAudioMixer: Display: 1: FrontRight
[2025.10.18-14.48.05:605][  0]LogAudioMixer: Display: Using Audio Device DELL E1914H (NVIDIA High Definition Audio)
[2025.10.18-14.48.05:608][  0]LogAudioMixer: Display: Initializing Sound Submixes...
[2025.10.18-14.48.05:609][  0]LogAudioMixer: Display: Creating Master Submix 'MasterSubmixDefault'
[2025.10.18-14.48.05:609][  0]LogAudioMixer: Display: Creating Master Submix 'MasterReverbSubmixDefault'
[2025.10.18-14.48.05:610][  0]LogAudioMixer: Display: Creating Master Submix 'MasterEQSubmixDefault'
[2025.10.18-14.48.05:610][  0]LogAudioMixer: FMixerPlatformXAudio2::StartAudioStream() called
[2025.10.18-14.48.05:610][  0]LogAudioMixer: Display: Output buffers initialized: Frames=1024, Channels=2, Samples=2048
[2025.10.18-14.48.05:611][  0]LogAudioMixer: Display: Starting AudioMixerPlatformInterface::RunInternal()
[2025.10.18-14.48.05:611][  0]LogAudioMixer: Display: FMixerPlatformXAudio2::SubmitBuffer() called for the first time
[2025.10.18-14.48.05:611][  0]LogInit: FAudioDevice initialized.
[2025.10.18-14.48.05:611][  0]LogAudio: Display: Audio Device (ID: 1) registered with world 'Untitled'.
[2025.10.18-14.48.05:611][  0]LogNetVersion: Set ProjectVersion to 1.0.0.0. Version Checksum will be recalculated on next use.
[2025.10.18-14.48.05:692][  0]LogDerivedDataCache: Saved boot cache 0.08s 111MB C:/Users/Administrator/AppData/Local/UnrealEngine/4.27/DerivedDataCache/Boot.ddc.
[2025.10.18-14.48.05:693][  0]LogInit: Texture streaming: Enabled
[2025.10.18-14.48.05:703][  0]LogAnalytics: Display: [UEEditor.Rocket.Release] APIServer = https://datarouter.ol.epicgames.com/. AppVersion = 4.27.2-18319896+++UE4+Release-4.27
[2025.10.18-14.48.05:707][  0]LogEngineSessionManager: EngineSessionManager initialized
[2025.10.18-14.48.05:707][  0]LogEditorSessionSummary: Verbose: Initializing EditorSessionSummaryWriter for editor session tracking
[2025.10.18-14.48.05:709][  0]LogEditorSessionSummary: EditorSessionSummaryWriter initialized
[2025.10.18-14.48.05:727][  0]LogInit: Transaction tracking system initialized
[2025.10.18-14.48.05:743][  0]BlueprintLog: New page: 编辑器加载
[2025.10.18-14.48.05:790][  0]LocalizationService: 本地化服务已禁用
[2025.10.18-14.48.05:808][  0]TimingProfiler: Initialize
[2025.10.18-14.48.05:808][  0]TimingProfiler: OnSessionChanged
[2025.10.18-14.48.05:808][  0]LoadingProfiler: Initialize
[2025.10.18-14.48.05:808][  0]LoadingProfiler: OnSessionChanged
[2025.10.18-14.48.05:808][  0]NetworkingProfiler: Initialize
[2025.10.18-14.48.05:808][  0]NetworkingProfiler: OnSessionChanged
[2025.10.18-14.48.05:808][  0]MemoryProfiler: Initialize
[2025.10.18-14.48.05:808][  0]MemoryProfiler: OnSessionChanged
[2025.10.18-14.48.05:848][  0]LogVSAccessor: Display: Unable to create Visual Studio setup instance: 80040154
[2025.10.18-14.48.05:849][  0]LogVSAccessor: Display: Unable to create Visual Studio setup instance: 80040154
[2025.10.18-14.48.05:849][  0]LogVSAccessor: Display: Unable to create Visual Studio setup instance: 80040154
[2025.10.18-14.48.05:907][  0]LogCook: Display: CookSettings for Memory: MemoryMaxUsedVirtual 0MiB, MemoryMaxUsedPhysical 16384MiB, MemoryMinFreeVirtual 0MiB, MemoryMinFreePhysical 1024MiB
[2025.10.18-14.48.05:908][  0]LogCook: Display: Mobile HDR setting 1
[2025.10.18-14.48.06:065][  0]LogFileCache: Scanning file cache for directory 'D:/上传官网2/dfg-z1/RiceCooker ZJVol2/Content/' took 0.00s
[2025.10.18-14.48.06:215][  0]LogInit: Display: Engine is initialized. Leaving FEngineLoop::Init()
[2025.10.18-14.48.06:218][  0]SourceControl: 源码管理已禁用
[2025.10.18-14.48.06:218][  0]LogUnrealEdMisc: Loading editor; pre map load, took 5.292
[2025.10.18-14.48.06:218][  0]Cmd: MAP LOAD FILE="../../../../上传官网2/dfg-z1/RiceCooker ZJVol2/Content/CityColor/Map/model.umap" TEMPLATE=0 SHOWPROGRESS=1 FEATURELEVEL=3
[2025.10.18-14.48.06:218][  0]LightingResults: New page: 光照构建
[2025.10.18-14.48.06:219][  0]LogWorld: UWorld::CleanupWorld for Untitled, bSessionEnded=true, bCleanupResources=true
[2025.10.18-14.48.06:219][  0]LogSlate: InvalidateAllWidgets triggered.  All widgets were invalidated
[2025.10.18-14.48.06:219][  0]MapCheck: New page: 地图检测
[2025.10.18-14.48.06:219][  0]LightingResults: New page: 光照构建
[2025.10.18-14.48.06:223][  0]LogAudio: Display: Audio Device unregistered from world 'None'.
[2025.10.18-14.48.06:225][  0]LogUObjectHash: Compacting FUObjectHashTables data took   0.53ms
[2025.10.18-14.48.06:685][  0]LogPhysicsCore: Error: PHYSX: (D:\Build\++Fortnite\Sync\Engine\Source\ThirdParty\PhysX3\PhysX_3.4\Source\PhysXCooking\src\Cooking.cpp 198) eINVALID_PARAMETER : Cooking::cookConvexMesh: user-provided convex mesh descriptor is invalid!
[2025.10.18-14.48.06:685][  0]LogPhysicsCore: Error: PHYSX: (D:\Build\++Fortnite\Sync\Engine\Source\ThirdParty\PhysX3\PhysX_3.4\Source\PhysXCooking\src\Cooking.cpp 198) eINVALID_PARAMETER : Cooking::cookConvexMesh: user-provided convex mesh descriptor is invalid!
[2025.10.18-14.48.06:685][  0]LogPhysics: Warning: Failed to cook convex: /Game/CityColor/Demo/Mesh/SM_Roof_2.SM_Roof_2 3 (FlipX:0). The remaining elements will not get cooked.
[2025.10.18-14.48.06:685][  0]LogPhysicsCore: Error: PHYSX: (D:\Build\++Fortnite\Sync\Engine\Source\ThirdParty\PhysX3\PhysX_3.4\Source\PhysXCooking\src\Cooking.cpp 198) eINVALID_PARAMETER : Cooking::cookConvexMesh: user-provided convex mesh descriptor is invalid!
[2025.10.18-14.48.06:685][  0]LogPhysicsCore: Error: PHYSX: (D:\Build\++Fortnite\Sync\Engine\Source\ThirdParty\PhysX3\PhysX_3.4\Source\PhysXCooking\src\Cooking.cpp 198) eINVALID_PARAMETER : Cooking::cookConvexMesh: user-provided convex mesh descriptor is invalid!
[2025.10.18-14.48.06:685][  0]LogPhysics: Warning: Failed to cook convex: /Game/CityColor/Demo/Mesh/SM_Roof_2.SM_Roof_2 3 (FlipX:1). The remaining elements will not get cooked.
[2025.10.18-14.48.06:709][  0]LogPhysics: Warning: Attempt to build physics data for /Game/CityColor/Demo/Mesh/SM_Roof_2.SM_Roof_2:BodySetup_0 when we are unable to.
[2025.10.18-14.48.06:730][  0]LogAudio: Display: Audio Device (ID: 1) registered with world 'model'.
[2025.10.18-14.48.06:731][  0]LogAIModule: Creating AISystem for world model
[2025.10.18-14.48.06:734][  0]LogPhysics: Warning: PopulatePhysXGeometryAndTransform(Convex): ConvexElem is missing ConvexMesh
[2025.10.18-14.48.06:734][  0]LogPhysics: Warning: ForeachShape(Convex): ScaledElem[0] invalid
[2025.10.18-14.48.06:734][  0]LogPhysics: Warning: PopulatePhysXGeometryAndTransform(Convex): ConvexElem is missing ConvexMesh
[2025.10.18-14.48.06:734][  0]LogPhysics: Warning: ForeachShape(Convex): ScaledElem[1] invalid
[2025.10.18-14.48.06:734][  0]LogPhysics: Warning: PopulatePhysXGeometryAndTransform(Convex): ConvexElem is missing ConvexMesh
[2025.10.18-14.48.06:734][  0]LogPhysics: Warning: ForeachShape(Convex): ScaledElem[2] invalid
[2025.10.18-14.48.06:734][  0]LogPhysics: Warning: PopulatePhysXGeometryAndTransform(Convex): ConvexElem is missing ConvexMesh
[2025.10.18-14.48.06:734][  0]LogPhysics: Warning: ForeachShape(Convex): ScaledElem[3] invalid
[2025.10.18-14.48.06:734][  0]LogPhysics: Warning: PopulatePhysXGeometryAndTransform(Convex): ConvexElem is missing ConvexMesh
[2025.10.18-14.48.06:734][  0]LogPhysics: Warning: ForeachShape(Convex): ScaledElem[4] invalid
[2025.10.18-14.48.06:734][  0]LogPhysics: Warning: PopulatePhysXGeometryAndTransform(Convex): ConvexElem is missing ConvexMesh
[2025.10.18-14.48.06:734][  0]LogPhysics: Warning: ForeachShape(Convex): ScaledElem[5] invalid
[2025.10.18-14.48.06:735][  0]LogEditorServer: Finished looking for orphan Actors (0.000 secs)
[2025.10.18-14.48.06:739][  0]LogUObjectHash: Compacting FUObjectHashTables data took   0.52ms
[2025.10.18-14.48.06:739][  0]Cmd: MAP CHECKDEP NOCLEARLOG
[2025.10.18-14.48.06:740][  0]MapCheck: 地图检测完成：0个错误、0个警告、完成用时0.089毫秒。
[2025.10.18-14.48.06:740][  0]LogFileHelpers: Loading map 'model' took 0.522
[2025.10.18-14.48.06:741][  0]LogUnrealEdMisc: Total Editor Startup Time, took 5.815
[2025.10.18-14.48.06:802][  0]LogWindowsTextInputMethodSystem: Display: IME system activated using TSF (微软拼音).
[2025.10.18-14.48.06:851][  0]LogSlate: Updating window title bar state: overlay mode, drag disabled, window buttons hidden, title bar hidden
[2025.10.18-14.48.06:855][  0]LogSlate: Updating window title bar state: overlay mode, drag disabled, window buttons hidden, title bar hidden
[2025.10.18-14.48.06:859][  0]LogSlate: Updating window title bar state: overlay mode, drag disabled, window buttons hidden, title bar hidden
[2025.10.18-14.48.06:863][  0]LogSlate: Updating window title bar state: overlay mode, drag disabled, window buttons hidden, title bar hidden
[2025.10.18-14.48.06:873][  0]LogNativeClassHierarchy: Verbose: Native class hierarchy populated in 0.0068 seconds. Added 3822 classes and 928 folders.
[2025.10.18-14.48.06:875][  0]LogNativeClassHierarchy: Verbose: Native class hierarchy updated for 'WidgetCarousel' in 0.0002 seconds. Added 0 classes and 0 folders.
[2025.10.18-14.48.06:876][  0]LogPakFile: PakFile PrimaryIndexSize=187
[2025.10.18-14.48.06:876][  0]LogPakFile: PakFile PathHashIndexSize=101
[2025.10.18-14.48.06:876][  0]LogPakFile: PakFile FullDirectoryIndexSize=148
[2025.10.18-14.48.06:876][  0]LogShaderLibrary: Display: ShaderCodeLibraryPakFileMountedCallback: PakFile 'D:/UE_4.27/FeaturePacks/FP_FirstPerson.upack' (chunk index -1, root 'root:/') mounted
[2025.10.18-14.48.06:876][  0]LogShaderLibrary: Display: ShaderCodeLibraryPakFileMountedCallback: pending pak file info (ChunkID:-1 Root:root:/ File:D:/UE_4.27/FeaturePacks/FP_FirstPerson.upack)
[2025.10.18-14.48.06:876][  0]LogPakFile: OnPakFileMounted2Time == 0.000041
[2025.10.18-14.48.06:877][  0]LogPakFile: PakFile PrimaryIndexSize=189
[2025.10.18-14.48.06:877][  0]LogPakFile: PakFile PathHashIndexSize=101
[2025.10.18-14.48.06:877][  0]LogPakFile: PakFile FullDirectoryIndexSize=152
[2025.10.18-14.48.06:877][  0]LogShaderLibrary: Display: ShaderCodeLibraryPakFileMountedCallback: PakFile 'D:/UE_4.27/FeaturePacks/FP_FirstPersonBP.upack' (chunk index -1, root 'root:/') mounted
[2025.10.18-14.48.06:877][  0]LogShaderLibrary: Display: ShaderCodeLibraryPakFileMountedCallback: pending pak file info (ChunkID:-1 Root:root:/ File:D:/UE_4.27/FeaturePacks/FP_FirstPersonBP.upack)
[2025.10.18-14.48.06:877][  0]LogPakFile: OnPakFileMounted2Time == 0.000028
[2025.10.18-14.48.06:877][  0]LogPakFile: PakFile PrimaryIndexSize=191
[2025.10.18-14.48.06:877][  0]LogPakFile: PakFile PathHashIndexSize=101
[2025.10.18-14.48.06:877][  0]LogPakFile: PakFile FullDirectoryIndexSize=160
[2025.10.18-14.48.06:877][  0]LogShaderLibrary: Display: ShaderCodeLibraryPakFileMountedCallback: PakFile 'D:/UE_4.27/FeaturePacks/MobileStarterContent.upack' (chunk index -1, root 'root:/') mounted
[2025.10.18-14.48.06:877][  0]LogShaderLibrary: Display: ShaderCodeLibraryPakFileMountedCallback: pending pak file info (ChunkID:-1 Root:root:/ File:D:/UE_4.27/FeaturePacks/MobileStarterContent.upack)
[2025.10.18-14.48.06:877][  0]LogPakFile: OnPakFileMounted2Time == 0.000026
[2025.10.18-14.48.06:877][  0]LogPakFile: PakFile PrimaryIndexSize=185
[2025.10.18-14.48.06:877][  0]LogPakFile: PakFile PathHashIndexSize=101
[2025.10.18-14.48.06:877][  0]LogPakFile: PakFile FullDirectoryIndexSize=148
[2025.10.18-14.48.06:878][  0]LogShaderLibrary: Display: ShaderCodeLibraryPakFileMountedCallback: PakFile 'D:/UE_4.27/FeaturePacks/StarterContent.upack' (chunk index -1, root 'root:/') mounted
[2025.10.18-14.48.06:878][  0]LogShaderLibrary: Display: ShaderCodeLibraryPakFileMountedCallback: pending pak file info (ChunkID:-1 Root:root:/ File:D:/UE_4.27/FeaturePacks/StarterContent.upack)
[2025.10.18-14.48.06:878][  0]LogPakFile: OnPakFileMounted2Time == 0.000030
[2025.10.18-14.48.06:878][  0]LogPakFile: PakFile PrimaryIndexSize=190
[2025.10.18-14.48.06:878][  0]LogPakFile: PakFile PathHashIndexSize=101
[2025.10.18-14.48.06:878][  0]LogPakFile: PakFile FullDirectoryIndexSize=154
[2025.10.18-14.48.06:878][  0]LogShaderLibrary: Display: ShaderCodeLibraryPakFileMountedCallback: PakFile 'D:/UE_4.27/FeaturePacks/TP_2DSideScroller.upack' (chunk index -1, root 'root:/') mounted
[2025.10.18-14.48.06:878][  0]LogShaderLibrary: Display: ShaderCodeLibraryPakFileMountedCallback: pending pak file info (ChunkID:-1 Root:root:/ File:D:/UE_4.27/FeaturePacks/TP_2DSideScroller.upack)
[2025.10.18-14.48.06:878][  0]LogPakFile: OnPakFileMounted2Time == 0.000024
[2025.10.18-14.48.06:878][  0]LogPakFile: PakFile PrimaryIndexSize=192
[2025.10.18-14.48.06:878][  0]LogPakFile: PakFile PathHashIndexSize=101
[2025.10.18-14.48.06:878][  0]LogPakFile: PakFile FullDirectoryIndexSize=158
[2025.10.18-14.48.06:878][  0]LogShaderLibrary: Display: ShaderCodeLibraryPakFileMountedCallback: PakFile 'D:/UE_4.27/FeaturePacks/TP_2DSideScrollerBP.upack' (chunk index -1, root 'root:/') mounted
[2025.10.18-14.48.06:878][  0]LogShaderLibrary: Display: ShaderCodeLibraryPakFileMountedCallback: pending pak file info (ChunkID:-1 Root:root:/ File:D:/UE_4.27/FeaturePacks/TP_2DSideScrollerBP.upack)
[2025.10.18-14.48.06:878][  0]LogPakFile: OnPakFileMounted2Time == 0.000022
[2025.10.18-14.48.06:879][  0]LogPakFile: PakFile PrimaryIndexSize=182
[2025.10.18-14.48.06:879][  0]LogPakFile: PakFile PathHashIndexSize=101
[2025.10.18-14.48.06:879][  0]LogPakFile: PakFile FullDirectoryIndexSize=138
[2025.10.18-14.48.06:879][  0]LogShaderLibrary: Display: ShaderCodeLibraryPakFileMountedCallback: PakFile 'D:/UE_4.27/FeaturePacks/TP_Flying.upack' (chunk index -1, root 'root:/') mounted
[2025.10.18-14.48.06:879][  0]LogShaderLibrary: Display: ShaderCodeLibraryPakFileMountedCallback: pending pak file info (ChunkID:-1 Root:root:/ File:D:/UE_4.27/FeaturePacks/TP_Flying.upack)
[2025.10.18-14.48.06:879][  0]LogPakFile: OnPakFileMounted2Time == 0.000022
[2025.10.18-14.48.06:879][  0]LogPakFile: PakFile PrimaryIndexSize=184
[2025.10.18-14.48.06:879][  0]LogPakFile: PakFile PathHashIndexSize=101
[2025.10.18-14.48.06:879][  0]LogPakFile: PakFile FullDirectoryIndexSize=142
[2025.10.18-14.48.06:879][  0]LogShaderLibrary: Display: ShaderCodeLibraryPakFileMountedCallback: PakFile 'D:/UE_4.27/FeaturePacks/TP_FlyingBP.upack' (chunk index -1, root 'root:/') mounted
[2025.10.18-14.48.06:879][  0]LogShaderLibrary: Display: ShaderCodeLibraryPakFileMountedCallback: pending pak file info (ChunkID:-1 Root:root:/ File:D:/UE_4.27/FeaturePacks/TP_FlyingBP.upack)
[2025.10.18-14.48.06:879][  0]LogPakFile: OnPakFileMounted2Time == 0.000025
[2025.10.18-14.48.06:879][  0]LogPakFile: PakFile PrimaryIndexSize=188
[2025.10.18-14.48.06:879][  0]LogPakFile: PakFile PathHashIndexSize=101
[2025.10.18-14.48.06:879][  0]LogPakFile: PakFile FullDirectoryIndexSize=150
[2025.10.18-14.48.06:879][  0]LogShaderLibrary: Display: ShaderCodeLibraryPakFileMountedCallback: PakFile 'D:/UE_4.27/FeaturePacks/TP_HandheldARBP.upack' (chunk index -1, root 'root:/') mounted
[2025.10.18-14.48.06:879][  0]LogShaderLibrary: Display: ShaderCodeLibraryPakFileMountedCallback: pending pak file info (ChunkID:-1 Root:root:/ File:D:/UE_4.27/FeaturePacks/TP_HandheldARBP.upack)
[2025.10.18-14.48.06:879][  0]LogPakFile: OnPakFileMounted2Time == 0.000022
[2025.10.18-14.48.06:880][  0]LogPakFile: PakFile PrimaryIndexSize=182
[2025.10.18-14.48.06:880][  0]LogPakFile: PakFile PathHashIndexSize=101
[2025.10.18-14.48.06:880][  0]LogPakFile: PakFile FullDirectoryIndexSize=138
[2025.10.18-14.48.06:880][  0]LogShaderLibrary: Display: ShaderCodeLibraryPakFileMountedCallback: PakFile 'D:/UE_4.27/FeaturePacks/TP_Puzzle.upack' (chunk index -1, root 'root:/') mounted
[2025.10.18-14.48.06:880][  0]LogShaderLibrary: Display: ShaderCodeLibraryPakFileMountedCallback: pending pak file info (ChunkID:-1 Root:root:/ File:D:/UE_4.27/FeaturePacks/TP_Puzzle.upack)
[2025.10.18-14.48.06:880][  0]LogPakFile: OnPakFileMounted2Time == 0.000023
[2025.10.18-14.48.06:880][  0]LogPakFile: PakFile PrimaryIndexSize=184
[2025.10.18-14.48.06:880][  0]LogPakFile: PakFile PathHashIndexSize=101
[2025.10.18-14.48.06:880][  0]LogPakFile: PakFile FullDirectoryIndexSize=142
[2025.10.18-14.48.06:880][  0]LogShaderLibrary: Display: ShaderCodeLibraryPakFileMountedCallback: PakFile 'D:/UE_4.27/FeaturePacks/TP_PuzzleBP.upack' (chunk index -1, root 'root:/') mounted
[2025.10.18-14.48.06:880][  0]LogShaderLibrary: Display: ShaderCodeLibraryPakFileMountedCallback: pending pak file info (ChunkID:-1 Root:root:/ File:D:/UE_4.27/FeaturePacks/TP_PuzzleBP.upack)
[2025.10.18-14.48.06:880][  0]LogPakFile: OnPakFileMounted2Time == 0.000023
[2025.10.18-14.48.06:881][  0]LogPakFile: PakFile PrimaryIndexSize=183
[2025.10.18-14.48.06:881][  0]LogPakFile: PakFile PathHashIndexSize=101
[2025.10.18-14.48.06:881][  0]LogPakFile: PakFile FullDirectoryIndexSize=140
[2025.10.18-14.48.06:881][  0]LogShaderLibrary: Display: ShaderCodeLibraryPakFileMountedCallback: PakFile 'D:/UE_4.27/FeaturePacks/TP_Rolling.upack' (chunk index -1, root 'root:/') mounted
[2025.10.18-14.48.06:881][  0]LogShaderLibrary: Display: ShaderCodeLibraryPakFileMountedCallback: pending pak file info (ChunkID:-1 Root:root:/ File:D:/UE_4.27/FeaturePacks/TP_Rolling.upack)
[2025.10.18-14.48.06:881][  0]LogPakFile: OnPakFileMounted2Time == 0.000023
[2025.10.18-14.48.06:881][  0]LogPakFile: PakFile PrimaryIndexSize=185
[2025.10.18-14.48.06:881][  0]LogPakFile: PakFile PathHashIndexSize=101
[2025.10.18-14.48.06:881][  0]LogPakFile: PakFile FullDirectoryIndexSize=144
[2025.10.18-14.48.06:881][  0]LogShaderLibrary: Display: ShaderCodeLibraryPakFileMountedCallback: PakFile 'D:/UE_4.27/FeaturePacks/TP_RollingBP.upack' (chunk index -1, root 'root:/') mounted
[2025.10.18-14.48.06:881][  0]LogShaderLibrary: Display: ShaderCodeLibraryPakFileMountedCallback: pending pak file info (ChunkID:-1 Root:root:/ File:D:/UE_4.27/FeaturePacks/TP_RollingBP.upack)
[2025.10.18-14.48.06:881][  0]LogPakFile: OnPakFileMounted2Time == 0.000022
[2025.10.18-14.48.06:881][  0]LogPakFile: PakFile PrimaryIndexSize=188
[2025.10.18-14.48.06:881][  0]LogPakFile: PakFile PathHashIndexSize=101
[2025.10.18-14.48.06:881][  0]LogPakFile: PakFile FullDirectoryIndexSize=150
[2025.10.18-14.48.06:881][  0]LogShaderLibrary: Display: ShaderCodeLibraryPakFileMountedCallback: PakFile 'D:/UE_4.27/FeaturePacks/TP_SideScroller.upack' (chunk index -1, root 'root:/') mounted
[2025.10.18-14.48.06:881][  0]LogShaderLibrary: Display: ShaderCodeLibraryPakFileMountedCallback: pending pak file info (ChunkID:-1 Root:root:/ File:D:/UE_4.27/FeaturePacks/TP_SideScroller.upack)
[2025.10.18-14.48.06:881][  0]LogPakFile: OnPakFileMounted2Time == 0.000022
[2025.10.18-14.48.06:882][  0]LogPakFile: PakFile PrimaryIndexSize=190
[2025.10.18-14.48.06:882][  0]LogPakFile: PakFile PathHashIndexSize=101
[2025.10.18-14.48.06:882][  0]LogPakFile: PakFile FullDirectoryIndexSize=154
[2025.10.18-14.48.06:882][  0]LogShaderLibrary: Display: ShaderCodeLibraryPakFileMountedCallback: PakFile 'D:/UE_4.27/FeaturePacks/TP_SideScrollerBP.upack' (chunk index -1, root 'root:/') mounted
[2025.10.18-14.48.06:882][  0]LogShaderLibrary: Display: ShaderCodeLibraryPakFileMountedCallback: pending pak file info (ChunkID:-1 Root:root:/ File:D:/UE_4.27/FeaturePacks/TP_SideScrollerBP.upack)
[2025.10.18-14.48.06:882][  0]LogPakFile: OnPakFileMounted2Time == 0.000022
[2025.10.18-14.48.06:882][  0]LogPakFile: PakFile PrimaryIndexSize=187
[2025.10.18-14.48.06:882][  0]LogPakFile: PakFile PathHashIndexSize=101
[2025.10.18-14.48.06:882][  0]LogPakFile: PakFile FullDirectoryIndexSize=148
[2025.10.18-14.48.06:882][  0]LogShaderLibrary: Display: ShaderCodeLibraryPakFileMountedCallback: PakFile 'D:/UE_4.27/FeaturePacks/TP_ThirdPerson.upack' (chunk index -1, root 'root:/') mounted
[2025.10.18-14.48.06:882][  0]LogShaderLibrary: Display: ShaderCodeLibraryPakFileMountedCallback: pending pak file info (ChunkID:-1 Root:root:/ File:D:/UE_4.27/FeaturePacks/TP_ThirdPerson.upack)
[2025.10.18-14.48.06:882][  0]LogPakFile: OnPakFileMounted2Time == 0.000022
[2025.10.18-14.48.06:882][  0]LogPakFile: PakFile PrimaryIndexSize=189
[2025.10.18-14.48.06:882][  0]LogPakFile: PakFile PathHashIndexSize=101
[2025.10.18-14.48.06:882][  0]LogPakFile: PakFile FullDirectoryIndexSize=152
[2025.10.18-14.48.06:882][  0]LogShaderLibrary: Display: ShaderCodeLibraryPakFileMountedCallback: PakFile 'D:/UE_4.27/FeaturePacks/TP_ThirdPersonBP.upack' (chunk index -1, root 'root:/') mounted
[2025.10.18-14.48.06:882][  0]LogShaderLibrary: Display: ShaderCodeLibraryPakFileMountedCallback: pending pak file info (ChunkID:-1 Root:root:/ File:D:/UE_4.27/FeaturePacks/TP_ThirdPersonBP.upack)
[2025.10.18-14.48.06:882][  0]LogPakFile: OnPakFileMounted2Time == 0.000022
[2025.10.18-14.48.06:883][  0]LogPakFile: PakFile PrimaryIndexSize=183
[2025.10.18-14.48.06:883][  0]LogPakFile: PakFile PathHashIndexSize=101
[2025.10.18-14.48.06:883][  0]LogPakFile: PakFile FullDirectoryIndexSize=140
[2025.10.18-14.48.06:883][  0]LogShaderLibrary: Display: ShaderCodeLibraryPakFileMountedCallback: PakFile 'D:/UE_4.27/FeaturePacks/TP_TopDown.upack' (chunk index -1, root 'root:/') mounted
[2025.10.18-14.48.06:883][  0]LogShaderLibrary: Display: ShaderCodeLibraryPakFileMountedCallback: pending pak file info (ChunkID:-1 Root:root:/ File:D:/UE_4.27/FeaturePacks/TP_TopDown.upack)
[2025.10.18-14.48.06:883][  0]LogPakFile: OnPakFileMounted2Time == 0.000026
[2025.10.18-14.48.06:883][  0]LogPakFile: PakFile PrimaryIndexSize=185
[2025.10.18-14.48.06:883][  0]LogPakFile: PakFile PathHashIndexSize=101
[2025.10.18-14.48.06:883][  0]LogPakFile: PakFile FullDirectoryIndexSize=144
[2025.10.18-14.48.06:883][  0]LogShaderLibrary: Display: ShaderCodeLibraryPakFileMountedCallback: PakFile 'D:/UE_4.27/FeaturePacks/TP_TopDownBP.upack' (chunk index -1, root 'root:/') mounted
[2025.10.18-14.48.06:883][  0]LogShaderLibrary: Display: ShaderCodeLibraryPakFileMountedCallback: pending pak file info (ChunkID:-1 Root:root:/ File:D:/UE_4.27/FeaturePacks/TP_TopDownBP.upack)
[2025.10.18-14.48.06:883][  0]LogPakFile: OnPakFileMounted2Time == 0.000023
[2025.10.18-14.48.06:883][  0]LogPakFile: PakFile PrimaryIndexSize=185
[2025.10.18-14.48.06:883][  0]LogPakFile: PakFile PathHashIndexSize=101
[2025.10.18-14.48.06:883][  0]LogPakFile: PakFile FullDirectoryIndexSize=144
[2025.10.18-14.48.06:883][  0]LogShaderLibrary: Display: ShaderCodeLibraryPakFileMountedCallback: PakFile 'D:/UE_4.27/FeaturePacks/TP_TwinStick.upack' (chunk index -1, root 'root:/') mounted
[2025.10.18-14.48.06:883][  0]LogShaderLibrary: Display: ShaderCodeLibraryPakFileMountedCallback: pending pak file info (ChunkID:-1 Root:root:/ File:D:/UE_4.27/FeaturePacks/TP_TwinStick.upack)
[2025.10.18-14.48.06:883][  0]LogPakFile: OnPakFileMounted2Time == 0.000021
[2025.10.18-14.48.06:884][  0]LogPakFile: PakFile PrimaryIndexSize=187
[2025.10.18-14.48.06:884][  0]LogPakFile: PakFile PathHashIndexSize=101
[2025.10.18-14.48.06:884][  0]LogPakFile: PakFile FullDirectoryIndexSize=148
[2025.10.18-14.48.06:884][  0]LogShaderLibrary: Display: ShaderCodeLibraryPakFileMountedCallback: PakFile 'D:/UE_4.27/FeaturePacks/TP_TwinStickBP.upack' (chunk index -1, root 'root:/') mounted
[2025.10.18-14.48.06:884][  0]LogShaderLibrary: Display: ShaderCodeLibraryPakFileMountedCallback: pending pak file info (ChunkID:-1 Root:root:/ File:D:/UE_4.27/FeaturePacks/TP_TwinStickBP.upack)
[2025.10.18-14.48.06:884][  0]LogPakFile: OnPakFileMounted2Time == 0.000022
[2025.10.18-14.48.06:884][  0]LogPakFile: PakFile PrimaryIndexSize=183
[2025.10.18-14.48.06:884][  0]LogPakFile: PakFile PathHashIndexSize=101
[2025.10.18-14.48.06:884][  0]LogPakFile: PakFile FullDirectoryIndexSize=140
[2025.10.18-14.48.06:884][  0]LogShaderLibrary: Display: ShaderCodeLibraryPakFileMountedCallback: PakFile 'D:/UE_4.27/FeaturePacks/TP_Vehicle.upack' (chunk index -1, root 'root:/') mounted
[2025.10.18-14.48.06:884][  0]LogShaderLibrary: Display: ShaderCodeLibraryPakFileMountedCallback: pending pak file info (ChunkID:-1 Root:root:/ File:D:/UE_4.27/FeaturePacks/TP_Vehicle.upack)
[2025.10.18-14.48.06:884][  0]LogPakFile: OnPakFileMounted2Time == 0.000022
[2025.10.18-14.48.06:885][  0]LogPakFile: PakFile PrimaryIndexSize=186
[2025.10.18-14.48.06:885][  0]LogPakFile: PakFile PathHashIndexSize=101
[2025.10.18-14.48.06:885][  0]LogPakFile: PakFile FullDirectoryIndexSize=146
[2025.10.18-14.48.06:885][  0]LogShaderLibrary: Display: ShaderCodeLibraryPakFileMountedCallback: PakFile 'D:/UE_4.27/FeaturePacks/TP_VehicleAdv.upack' (chunk index -1, root 'root:/') mounted
[2025.10.18-14.48.06:885][  0]LogShaderLibrary: Display: ShaderCodeLibraryPakFileMountedCallback: pending pak file info (ChunkID:-1 Root:root:/ File:D:/UE_4.27/FeaturePacks/TP_VehicleAdv.upack)
[2025.10.18-14.48.06:885][  0]LogPakFile: OnPakFileMounted2Time == 0.000023
[2025.10.18-14.48.06:885][  0]LogPakFile: PakFile PrimaryIndexSize=188
[2025.10.18-14.48.06:885][  0]LogPakFile: PakFile PathHashIndexSize=101
[2025.10.18-14.48.06:885][  0]LogPakFile: PakFile FullDirectoryIndexSize=150
[2025.10.18-14.48.06:885][  0]LogShaderLibrary: Display: ShaderCodeLibraryPakFileMountedCallback: PakFile 'D:/UE_4.27/FeaturePacks/TP_VehicleAdvBP.upack' (chunk index -1, root 'root:/') mounted
[2025.10.18-14.48.06:885][  0]LogShaderLibrary: Display: ShaderCodeLibraryPakFileMountedCallback: pending pak file info (ChunkID:-1 Root:root:/ File:D:/UE_4.27/FeaturePacks/TP_VehicleAdvBP.upack)
[2025.10.18-14.48.06:885][  0]LogPakFile: OnPakFileMounted2Time == 0.000023
[2025.10.18-14.48.06:885][  0]LogPakFile: PakFile PrimaryIndexSize=185
[2025.10.18-14.48.06:885][  0]LogPakFile: PakFile PathHashIndexSize=101
[2025.10.18-14.48.06:885][  0]LogPakFile: PakFile FullDirectoryIndexSize=144
[2025.10.18-14.48.06:885][  0]LogShaderLibrary: Display: ShaderCodeLibraryPakFileMountedCallback: PakFile 'D:/UE_4.27/FeaturePacks/TP_VehicleBP.upack' (chunk index -1, root 'root:/') mounted
[2025.10.18-14.48.06:885][  0]LogShaderLibrary: Display: ShaderCodeLibraryPakFileMountedCallback: pending pak file info (ChunkID:-1 Root:root:/ File:D:/UE_4.27/FeaturePacks/TP_VehicleBP.upack)
[2025.10.18-14.48.06:885][  0]LogPakFile: OnPakFileMounted2Time == 0.000022
[2025.10.18-14.48.06:886][  0]LogPakFile: PakFile PrimaryIndexSize=192
[2025.10.18-14.48.06:886][  0]LogPakFile: PakFile PathHashIndexSize=101
[2025.10.18-14.48.06:886][  0]LogPakFile: PakFile FullDirectoryIndexSize=158
[2025.10.18-14.48.06:886][  0]LogShaderLibrary: Display: ShaderCodeLibraryPakFileMountedCallback: PakFile 'D:/UE_4.27/FeaturePacks/TP_VirtualRealityBP.upack' (chunk index -1, root 'root:/') mounted
[2025.10.18-14.48.06:886][  0]LogShaderLibrary: Display: ShaderCodeLibraryPakFileMountedCallback: pending pak file info (ChunkID:-1 Root:root:/ File:D:/UE_4.27/FeaturePacks/TP_VirtualRealityBP.upack)
[2025.10.18-14.48.06:886][  0]LogPakFile: OnPakFileMounted2Time == 0.000022
[2025.10.18-14.48.06:909][  0]LogNativeClassHierarchy: Verbose: Native class hierarchy updated for 'AddContentDialog' in 0.0002 seconds. Added 0 classes and 0 folders.
[2025.10.18-14.48.06:909][  0]LogSlate: The tab "/Game/MeshTool_ue4.MeshTool_ActiveTab" attempted to spawn in layout 'LevelEditor_Layout_v1.2' but failed for some reason. It will not be displayed.
[2025.10.18-14.48.06:909][  0]LogSlate: The tab "/Game/MeshTool_ue4.MeshTool_ActiveTab" attempted to spawn in layout 'LevelEditor_Layout_v1.2' but failed for some reason. It will not be displayed.
[2025.10.18-14.48.06:909][  0]LogSlate: The tab "/Game/MeshTool_ue4.MeshTool_ActiveTab" attempted to spawn in layout 'LevelEditor_Layout_v1.2' but failed for some reason. It will not be displayed.
[2025.10.18-14.48.06:909][  0]LogSlate: The tab "/Game/MeshTool_ue4.MeshTool_ActiveTab" attempted to spawn in layout 'LevelEditor_Layout_v1.2' but failed for some reason. It will not be displayed.
[2025.10.18-14.48.06:909][  0]LogSlate: The tab "/Game/TidyTool_ue4.TidyTool_ActiveTab" attempted to spawn in layout 'LevelEditor_Layout_v1.2' but failed for some reason. It will not be displayed.
[2025.10.18-14.48.06:909][  0]LogSlate: The tab "/Game/TidyTool_ue4.TidyTool_ActiveTab" attempted to spawn in layout 'LevelEditor_Layout_v1.2' but failed for some reason. It will not be displayed.
[2025.10.18-14.48.06:909][  0]LogSlate: The tab "/Game/TidyTool_ue4.TidyTool_ActiveTab" attempted to spawn in layout 'LevelEditor_Layout_v1.2' but failed for some reason. It will not be displayed.
[2025.10.18-14.48.06:910][  0]LogNativeClassHierarchy: Verbose: Native class hierarchy updated for 'SceneOutliner' in 0.0002 seconds. Added 2 classes and 0 folders.
[2025.10.18-14.48.07:016][  0]LogSlate: Took 0.000321 seconds to synchronously load lazily loaded font '../../../Engine/Content/Slate/Fonts/Roboto-Regular.ttf' (155K)
[2025.10.18-14.48.07:017][  0]LogSlate: Took 0.000135 seconds to synchronously load lazily loaded font '../../../Engine/Content/Editor/Slate/Fonts/FontAwesome.ttf' (139K)
[2025.10.18-14.48.07:018][  0]LogSlate: Took 0.001078 seconds to synchronously load lazily loaded font '../../../Engine/Content/Slate/Fonts/DroidSansFallback.ttf' (3848K)
[2025.10.18-14.48.07:019][  0]LogSlate: Took 0.000117 seconds to synchronously load lazily loaded font '../../../Engine/Content/Slate/Fonts/Roboto-Bold.ttf' (160K)
[2025.10.18-14.48.07:074][  0]LogRenderer: Reallocating scene render targets to support 948x376 Format 10 NumSamples 1 (Frame:1).
[2025.10.18-14.48.07:135][  0]LogNativeClassHierarchy: Verbose: Native class hierarchy updated for 'HierarchicalLODOutliner' in 0.0002 seconds. Added 0 classes and 0 folders.
[2025.10.18-14.48.07:135][  0]LogLoad: (Engine Initialization) Total time: 6.21 seconds
[2025.10.18-14.48.07:135][  0]LogLoad: (Engine Initialization) Total Blueprint compile time: 0.00 seconds
[2025.10.18-14.48.07:168][  0]LogAssetRegistry: Asset discovery search completed in 3.5946 seconds
[2025.10.18-14.48.07:172][  0]LogCollectionManager: Fixed up redirectors for 0 collections in 0.000003 seconds (updated 0 objects)
[2025.10.18-14.48.07:174][  0]LogContentStreaming: Texture pool size now 1000 MB
[2025.10.18-14.48.07:273][  3]LogSlate: Took 0.000214 seconds to synchronously load lazily loaded font '../../../Engine/Content/Slate/Fonts/Roboto-Light.ttf' (167K)
[2025.10.18-14.48.11:584][503]LogSlate: Window '插件' being destroyed
[2025.10.18-14.48.11:588][503]LogSlate: Window '插件' being destroyed
[2025.10.18-14.48.11:588][503]LogDirectoryWatcher: A directory notification for '../../../Engine/Plugins/' was aborted.
[2025.10.18-14.48.13:499][725]LogUObjectHash: Compacting FUObjectHashTables data took   0.43ms
[2025.10.18-14.48.13:508][725]LogSlate: Window 'model - 虚幻编辑器' being destroyed
[2025.10.18-14.48.13:572][726]Cmd: QUIT_EDITOR
[2025.10.18-14.48.13:572][726]LogCore: Engine exit requested (reason: UUnrealEdEngine::CloseEditor())
[2025.10.18-14.48.13:574][726]LogCore: Engine exit requested (reason: EngineExit() was called; note: exit was already requested)
[2025.10.18-14.48.13:576][726]LogAudio: Display: Beginning Audio Device Manager Shutdown (Module: AudioMixerXAudio2)...
[2025.10.18-14.48.13:576][726]LogAudio: Display: Destroying 1 Remaining Audio Device(s)...
[2025.10.18-14.48.13:576][726]LogAudio: Display: Audio Device unregistered from world 'model'.
[2025.10.18-14.48.13:576][726]LogAudioMixer: FMixerPlatformXAudio2::StopAudioStream() called
[2025.10.18-14.48.13:578][726]LogAudioMixer: FMixerPlatformXAudio2::StopAudioStream() called
[2025.10.18-14.48.13:580][726]LogAudio: Display: Audio Device Manager Shutdown
[2025.10.18-14.48.13:582][726]LogWindowsTextInputMethodSystem: Display: IME system activated using TSF (微软拼音).
[2025.10.18-14.48.13:585][726]LogExit: Preparing to exit.
[2025.10.18-14.48.13:837][726]LogUObjectHash: Compacting FUObjectHashTables data took   0.55ms
[2025.10.18-14.48.14:005][726]LogDemo: Cleaned up 0 splitscreen connections with owner deletion
[2025.10.18-14.48.14:005][726]LogExit: Transaction tracking system shut down
[2025.10.18-14.48.14:009][726]LogExit: Editor shut down
[2025.10.18-14.48.14:266][726]LogExit: Object subsystem successfully closed.
[2025.10.18-14.48.14:280][726]LogShaderCompilers: Display: === FShaderJobCache stats ===
[2025.10.18-14.48.14:280][726]LogShaderCompilers: Display: Total job queries 0, among them cache hits 0 (0.00%)
[2025.10.18-14.48.14:280][726]LogShaderCompilers: Display: Tracking 0 distinct input hashes that result in 0 distinct outputs (0.00%)
[2025.10.18-14.48.14:280][726]LogShaderCompilers: Display: RAM used: 0.00 MB (0.00 GB) of 1638.40 MB (1.60 GB) budget. Usage: 0.00%
[2025.10.18-14.48.14:280][726]LogShaderCompilers: Display: ================================================
[2025.10.18-14.48.14:291][726]LogShaderCompilers: Display: Shaders left to compile 0
[2025.10.18-14.48.14:300][726]LogModuleManager: Shutting down and abandoning module HierarchicalLODOutliner (870)
[2025.10.18-14.48.14:300][726]LogModuleManager: Shutting down and abandoning module SceneOutliner (868)
[2025.10.18-14.48.14:300][726]LogModuleManager: Shutting down and abandoning module AddContentDialog (866)
[2025.10.18-14.48.14:301][726]LogModuleManager: Shutting down and abandoning module WidgetCarousel (865)
[2025.10.18-14.48.14:301][726]LogModuleManager: Shutting down and abandoning module EditorWidgets (862)
[2025.10.18-14.48.14:301][726]LogModuleManager: Shutting down and abandoning module StatsViewer (860)
[2025.10.18-14.48.14:301][726]LogModuleManager: Shutting down and abandoning module PIEPreviewDeviceProfileSelector (858)
[2025.10.18-14.48.14:301][726]LogModuleManager: Shutting down and abandoning module SequenceRecorderSections (856)
[2025.10.18-14.48.14:301][726]LogModuleManager: Shutting down and abandoning module AutomationWorker (854)
[2025.10.18-14.48.14:301][726]LogModuleManager: Shutting down and abandoning module SteamVREditor (852)
[2025.10.18-14.48.14:301][726]LogModuleManager: Shutting down and abandoning module OculusMR (850)
[2025.10.18-14.48.14:301][726]LogModuleManager: Shutting down and abandoning module TakeRecorderSources (848)
[2025.10.18-14.48.14:301][726]LogModuleManager: Shutting down and abandoning module TakeRecorder (847)
[2025.10.18-14.48.14:301][726]LogModuleManager: Shutting down and abandoning module TakeTrackRecorders (844)
[2025.10.18-14.48.14:301][726]LogModuleManager: Shutting down and abandoning module TakesCore (842)
[2025.10.18-14.48.14:301][726]LogModuleManager: Shutting down and abandoning module OpenXRInput (840)
[2025.10.18-14.48.14:301][726]LogModuleManager: Shutting down and abandoning module GooglePADEditor (838)
[2025.10.18-14.48.14:301][726]LogModuleManager: Shutting down and abandoning module AudioCaptureEditor (836)
[2025.10.18-14.48.14:301][726]LogModuleManager: Shutting down and abandoning module TemplateSequenceEditor (834)
[2025.10.18-14.48.14:301][726]LogModuleManager: Shutting down and abandoning module MatineeToLevelSequence (832)
[2025.10.18-14.48.14:301][726]LogModuleManager: Shutting down and abandoning module LevelSequenceEditor (830)
[2025.10.18-14.48.14:301][726]LogModuleManager: Shutting down and abandoning module ActorSequenceEditor (828)
[2025.10.18-14.48.14:301][726]LogModuleManager: Shutting down and abandoning module WmfMediaFactory (826)
[2025.10.18-14.48.14:301][726]LogModuleManager: Shutting down and abandoning module WmfMediaEditor (824)
[2025.10.18-14.48.14:301][726]LogModuleManager: Shutting down and abandoning module WebMMediaFactory (822)
[2025.10.18-14.48.14:301][726]LogModuleManager: Shutting down and abandoning module WebMMediaEditor (820)
[2025.10.18-14.48.14:301][726]LogModuleManager: Shutting down and abandoning module WebMMedia (818)
[2025.10.18-14.48.14:301][726]LogModuleManager: Shutting down and abandoning module MediaPlayerEditor (816)
[2025.10.18-14.48.14:301][726]LogModuleManager: Shutting down and abandoning module MediaCompositingEditor (814)
[2025.10.18-14.48.14:301][726]LogModuleManager: Shutting down and abandoning module SequenceRecorder (813)
[2025.10.18-14.48.14:301][726]LogModuleManager: Shutting down and abandoning module OpenExrWrapper (810)
[2025.10.18-14.48.14:301][726]LogModuleManager: Shutting down and abandoning module ImgMediaFactory (808)
[2025.10.18-14.48.14:301][726]LogModuleManager: Shutting down and abandoning module ImgMediaEditor (806)
[2025.10.18-14.48.14:301][726]LogModuleManager: Shutting down and abandoning module AvfMediaFactory (804)
[2025.10.18-14.48.14:301][726]LogModuleManager: Shutting down and abandoning module AvfMediaEditor (802)
[2025.10.18-14.48.14:301][726]LogModuleManager: Shutting down and abandoning module AndroidMediaFactory (800)
[2025.10.18-14.48.14:301][726]LogModuleManager: Shutting down and abandoning module AndroidMediaEditor (798)
[2025.10.18-14.48.14:301][726]LogModuleManager: Shutting down and abandoning module MagicLeapMediaCodecFactory (796)
[2025.10.18-14.48.14:301][726]LogModuleManager: Shutting down and abandoning module MagicLeapMediaFactory (794)
[2025.10.18-14.48.14:301][726]LogModuleManager: Shutting down and abandoning module MagicLeapMediaEditor (792)
[2025.10.18-14.48.14:301][726]LogModuleManager: Shutting down and abandoning module TextureAlignMode (790)
[2025.10.18-14.48.14:301][726]LogModuleManager: Shutting down and abandoning module BspMode (788)
[2025.10.18-14.48.14:301][726]LogModuleManager: Shutting down and abandoning module GeometryMode (786)
[2025.10.18-14.48.14:301][726]LogModuleManager: Shutting down and abandoning module PlanarCut (784)
[2025.10.18-14.48.14:301][726]LogModuleManager: Shutting down and abandoning module CameraShakePreviewer (782)
[2025.10.18-14.48.14:301][726]LogModuleManager: Shutting down and abandoning module CharacterAI (780)
[2025.10.18-14.48.14:301][726]LogModuleManager: Shutting down and abandoning module SmartSnapping (778)
[2025.10.18-14.48.14:301][726]LogModuleManager: Shutting down and abandoning module SessionServices (776)
[2025.10.18-14.48.14:301][726]LogModuleManager: Shutting down and abandoning module MeshPaint (774)
[2025.10.18-14.48.14:301][726]LogModuleManager: Shutting down and abandoning module VirtualTexturingEditor (772)
[2025.10.18-14.48.14:301][726]LogModuleManager: Shutting down and abandoning module FoliageEdit (770)
[2025.10.18-14.48.14:301][726]LogModuleManager: Shutting down and abandoning module LandscapeEditor (768)
[2025.10.18-14.48.14:301][726]LogModuleManager: Shutting down and abandoning module MeshPaintMode (766)
[2025.10.18-14.48.14:301][726]LogModuleManager: Shutting down and abandoning module SceneDepthPickerMode (764)
[2025.10.18-14.48.14:301][726]LogModuleManager: Shutting down and abandoning module ActorPickerMode (762)
[2025.10.18-14.48.14:301][726]LogModuleManager: Shutting down and abandoning module PlacementMode (760)
[2025.10.18-14.48.14:302][726]LogModuleManager: Shutting down and abandoning module ViewportSnapping (758)
[2025.10.18-14.48.14:302][726]LogModuleManager: Shutting down and abandoning module ViewportInteraction (756)
[2025.10.18-14.48.14:302][726]LogModuleManager: Shutting down and abandoning module ClothPainter (754)
[2025.10.18-14.48.14:302][726]LogModuleManager: Shutting down and abandoning module SkeletalMeshEditor (753)
[2025.10.18-14.48.14:302][726]LogModuleManager: Shutting down and abandoning module LogVisualizer (750)
[2025.10.18-14.48.14:302][726]LogModuleManager: Shutting down and abandoning module IntroTutorials (748)
[2025.10.18-14.48.14:302][726]LogModuleManager: Shutting down and abandoning module GameProjectGeneration (747)
[2025.10.18-14.48.14:302][726]LogModuleManager: Shutting down and abandoning module LuminPlatformEditor (744)
[2025.10.18-14.48.14:302][726]LogModuleManager: Shutting down and abandoning module IOSPlatformEditor (742)
[2025.10.18-14.48.14:302][726]LogModuleManager: Shutting down and abandoning module AndroidPlatformEditor (740)
[2025.10.18-14.48.14:302][726]LogModuleManager: Shutting down and abandoning module AndroidDeviceDetection (739)
[2025.10.18-14.48.14:838][726]LogModuleManager: Shutting down and abandoning module WindowsPlatformEditor (736)
[2025.10.18-14.48.14:839][726]LogModuleManager: Shutting down and abandoning module LuminRuntimeSettings (734)
[2025.10.18-14.48.14:839][726]LogModuleManager: Shutting down and abandoning module IOSRuntimeSettings (732)
[2025.10.18-14.48.14:839][726]LogModuleManager: Shutting down and abandoning module AndroidRuntimeSettings (730)
[2025.10.18-14.48.14:839][726]LogModuleManager: Shutting down and abandoning module TraceInsights (728)
[2025.10.18-14.48.14:839][726]MemoryProfiler: Shutdown
[2025.10.18-14.48.14:839][726]NetworkingProfiler: Shutdown
[2025.10.18-14.48.14:839][726]LoadingProfiler: Shutdown
[2025.10.18-14.48.14:839][726]TimingProfiler: Shutdown
[2025.10.18-14.48.14:839][726]LogModuleManager: Shutting down and abandoning module TraceServices (727)
[2025.10.18-14.48.14:839][726]LogModuleManager: Shutting down and abandoning module EditorInteractiveToolsFramework (724)
[2025.10.18-14.48.14:839][726]LogModuleManager: Shutting down and abandoning module TimeManagementEditor (722)
[2025.10.18-14.48.14:839][726]LogModuleManager: Shutting down and abandoning module InputBindingEditor (720)
[2025.10.18-14.48.14:839][726]LogModuleManager: Shutting down and abandoning module MergeActors (718)
[2025.10.18-14.48.14:839][726]LogModuleManager: Shutting down and abandoning module LocalizationDashboard (716)
[2025.10.18-14.48.14:839][726]LogModuleManager: Shutting down and abandoning module LocalizationService (715)
[2025.10.18-14.48.14:839][726]LogModuleManager: Shutting down and abandoning module HardwareTargeting (712)
[2025.10.18-14.48.14:839][726]LogModuleManager: Shutting down and abandoning module DeviceProfileEditor (710)
[2025.10.18-14.48.14:839][726]LogModuleManager: Shutting down and abandoning module UndoHistory (708)
[2025.10.18-14.48.14:839][726]LogModuleManager: Shutting down and abandoning module XmlParser (706)
[2025.10.18-14.48.14:839][726]LogModuleManager: Shutting down and abandoning module Blutility (704)
[2025.10.18-14.48.14:839][726]LogModuleManager: Shutting down and abandoning module ProjectSettingsViewer (702)
[2025.10.18-14.48.14:839][726]LogModuleManager: Shutting down and abandoning module ProjectTargetPlatformEditor (701)
[2025.10.18-14.48.14:839][726]LogModuleManager: Shutting down and abandoning module EditorSettingsViewer (698)
[2025.10.18-14.48.14:839][726]LogModuleManager: Shutting down and abandoning module InternationalizationSettings (697)
[2025.10.18-14.48.14:839][726]LogModuleManager: Shutting down and abandoning module SettingsEditor (694)
[2025.10.18-14.48.14:839][726]LogModuleManager: Shutting down and abandoning module ProjectLauncher (692)
[2025.10.18-14.48.14:839][726]LogModuleManager: Shutting down and abandoning module SessionFrontend (690)
[2025.10.18-14.48.14:839][726]LogModuleManager: Shutting down and abandoning module ProfilerClient (688)
[2025.10.18-14.48.14:839][726]LogModuleManager: Shutting down and abandoning module DeviceManager (686)
[2025.10.18-14.48.14:839][726]LogModuleManager: Shutting down and abandoning module TargetDeviceServices (685)
[2025.10.18-14.48.14:871][726]LogModuleManager: Shutting down and abandoning module AutomationController (682)
[2025.10.18-14.48.14:871][726]LogModuleManager: Shutting down and abandoning module AutomationWindow (680)
[2025.10.18-14.48.14:871][726]LogModuleManager: Shutting down and abandoning module Layers (678)
[2025.10.18-14.48.14:871][726]LogModuleManager: Shutting down and abandoning module ComponentVisualizers (676)
[2025.10.18-14.48.14:871][726]LogModuleManager: Shutting down and abandoning module DetailCustomizations (674)
[2025.10.18-14.48.14:871][726]LogModuleManager: Shutting down and abandoning module PackagesDialog (672)
[2025.10.18-14.48.14:871][726]LogModuleManager: Shutting down and abandoning module AnimationBlueprintEditor (670)
[2025.10.18-14.48.14:871][726]LogModuleManager: Shutting down and abandoning module Persona (668)
[2025.10.18-14.48.14:871][726]LogModuleManager: Shutting down and abandoning module AdvancedPreviewScene (667)
[2025.10.18-14.48.14:871][726]LogModuleManager: Shutting down and abandoning module AnimGraph (665)
[2025.10.18-14.48.14:871][726]LogModuleManager: Shutting down and abandoning module Kismet (662)
[2025.10.18-14.48.14:871][726]LogModuleManager: Shutting down and abandoning module KismetWidgets (661)
[2025.10.18-14.48.14:871][726]LogModuleManager: Shutting down and abandoning module GraphEditor (658)
[2025.10.18-14.48.14:871][726]LogModuleManager: Shutting down and abandoning module StructViewer (656)
[2025.10.18-14.48.14:871][726]LogModuleManager: Shutting down and abandoning module ClassViewer (654)
[2025.10.18-14.48.14:871][726]LogModuleManager: Shutting down and abandoning module Toolbox (652)
[2025.10.18-14.48.14:871][726]LogModuleManager: Shutting down and abandoning module ModuleUI (650)
[2025.10.18-14.48.14:871][726]LogModuleManager: Shutting down and abandoning module OutputLog (648)
[2025.10.18-14.48.14:871][726]LogModuleManager: Shutting down and abandoning module GammaUI (646)
[2025.10.18-14.48.14:871][726]LogModuleManager: Shutting down and abandoning module Documentation (644)
[2025.10.18-14.48.14:871][726]LogModuleManager: Shutting down and abandoning module LiveCoding (642)
[2025.10.18-14.48.14:871][726]LogModuleManager: Shutting down and abandoning module LevelSequence (640)
[2025.10.18-14.48.14:871][726]LogModuleManager: Shutting down and abandoning module MovieSceneTracks (638)
[2025.10.18-14.48.14:871][726]LogModuleManager: Shutting down and abandoning module MovieScene (636)
[2025.10.18-14.48.14:871][726]LogModuleManager: Shutting down and abandoning module StreamingPauseRendering (634)
[2025.10.18-14.48.14:871][726]LogModuleManager: Shutting down and abandoning module LauncherPlatform (632)
[2025.10.18-14.48.14:871][726]LogModuleManager: Shutting down and abandoning module AnalyticsET (630)
[2025.10.18-14.48.14:871][726]LogModuleManager: Shutting down and abandoning module PortalServices (628)
[2025.10.18-14.48.14:871][726]LogModuleManager: Shutting down and abandoning module PortalRpc (626)
[2025.10.18-14.48.14:871][726]LogModuleManager: Shutting down and abandoning module MessagingRpc (624)
[2025.10.18-14.48.14:871][726]LogModuleManager: Shutting down and abandoning module AudioMixerXAudio2 (622)
[2025.10.18-14.48.14:871][726]LogModuleManager: Shutting down and abandoning module AudioMixerCore (621)
[2025.10.18-14.48.14:871][726]LogModuleManager: Shutting down and abandoning module AIModule (618)
[2025.10.18-14.48.14:871][726]LogModuleManager: Shutting down and abandoning module GameplayDebugger (617)
[2025.10.18-14.48.14:871][726]LogModuleManager: Shutting down and abandoning module AITestSuite (615)
[2025.10.18-14.48.14:871][726]LogModuleManager: Shutting down and abandoning module NavigationSystem (613)
[2025.10.18-14.48.14:871][726]LogModuleManager: Shutting down and abandoning module ImageWriteQueue (610)
[2025.10.18-14.48.14:875][726]LogModuleManager: Shutting down and abandoning module ProfilerService (608)
[2025.10.18-14.48.14:967][726]LogModuleManager: Shutting down and abandoning module TaskGraph (606)
[2025.10.18-14.48.14:967][726]LogModuleManager: Shutting down and abandoning module AudioSynesthesiaEditor (604)
[2025.10.18-14.48.14:967][726]LogModuleManager: Shutting down and abandoning module OculusEditor (602)
[2025.10.18-14.48.14:968][726]LogModuleManager: Shutting down and abandoning module OculusInput (600)
[2025.10.18-14.48.14:968][726]LogModuleManager: Shutting down and abandoning module ContentBrowserClassDataSource (598)
[2025.10.18-14.48.14:968][726]LogModuleManager: Shutting down and abandoning module ContentBrowserFileDataSource (596)
[2025.10.18-14.48.14:968][726]LogModuleManager: Shutting down and abandoning module ContentBrowserAssetDataSource (594)
[2025.10.18-14.48.14:968][726]LogModuleManager: Shutting down and abandoning module CollectionManager (593)
[2025.10.18-14.48.14:968][726]LogModuleManager: Shutting down and abandoning module VariantManagerContentEditor (590)
[2025.10.18-14.48.14:968][726]LogModuleManager: Shutting down and abandoning module SynthesisEditor (588)
[2025.10.18-14.48.14:968][726]LogModuleManager: Shutting down and abandoning module Synthesis (586)
[2025.10.18-14.48.14:968][726]LogModuleManager: Shutting down and abandoning module ScreenshotTools (584)
[2025.10.18-14.48.14:968][726]LogModuleManager: Shutting down and abandoning module ProceduralMeshComponentEditor (582)
[2025.10.18-14.48.14:968][726]LogModuleManager: Shutting down and abandoning module ProceduralMeshComponent (580)
[2025.10.18-14.48.14:968][726]LogModuleManager: Shutting down and abandoning module TakeSequencer (578)
[2025.10.18-14.48.14:968][726]LogModuleManager: Shutting down and abandoning module TakeMovieScene (576)
[2025.10.18-14.48.14:968][726]LogModuleManager: Shutting down and abandoning module OpenXREditor (574)
[2025.10.18-14.48.14:968][726]LogModuleManager: Shutting down and abandoning module MobilePatchingUtils (572)
[2025.10.18-14.48.14:968][726]LogModuleManager: Shutting down and abandoning module GooglePAD (570)
[2025.10.18-14.48.14:968][726]LogModuleManager: Shutting down and abandoning module EditableMesh (568)
[2025.10.18-14.48.14:968][726]LogModuleManager: Shutting down and abandoning module CustomMeshComponent (566)
[2025.10.18-14.48.14:968][726]LogModuleManager: Shutting down and abandoning module CableComponent (564)
[2025.10.18-14.48.14:968][726]LogModuleManager: Shutting down and abandoning module AudioCapture (562)
[2025.10.18-14.48.14:968][726]LogModuleManager: Shutting down and abandoning module AudioCaptureRtAudio (561)
[2025.10.18-14.48.14:968][726]LogModuleManager: Shutting down and abandoning module AssetTags (558)
[2025.10.18-14.48.14:968][726]LogModuleManager: Shutting down and abandoning module ArchVisCharacter (556)
[2025.10.18-14.48.14:968][726]LogModuleManager: Shutting down and abandoning module AppleImageUtilsBlueprintSupport (554)
[2025.10.18-14.48.14:968][726]LogModuleManager: Shutting down and abandoning module AppleImageUtils (552)
[2025.10.18-14.48.14:968][726]LogModuleManager: Shutting down and abandoning module AndroidPermission (550)
[2025.10.18-14.48.14:968][726]LogModuleManager: Shutting down and abandoning module ActorLayerUtilitiesEditor (548)
[2025.10.18-14.48.14:968][726]LogModuleManager: Shutting down and abandoning module ActorLayerUtilities (546)
[2025.10.18-14.48.14:968][726]LogModuleManager: Shutting down and abandoning module TemplateSequence (544)
[2025.10.18-14.48.14:968][726]LogModuleManager: Shutting down and abandoning module NiagaraEditorWidgets (542)
[2025.10.18-14.48.14:968][726]LogModuleManager: Shutting down and abandoning module MediaCompositing (540)
[2025.10.18-14.48.14:968][726]LogModuleManager: Shutting down and abandoning module ImgMedia (538)
[2025.10.18-14.48.14:968][726]LogModuleManager: Shutting down and abandoning module MagicLeapSharedWorld (536)
[2025.10.18-14.48.14:968][726]LogModuleManager: Shutting down and abandoning module MagicLeapLightEstimation (534)
[2025.10.18-14.48.14:968][726]LogModuleManager: Shutting down and abandoning module MagicLeapHelperVulkan (532)
[2025.10.18-14.48.14:968][726]LogModuleManager: Shutting down and abandoning module MagicLeapHelperOpenGL (530)
[2025.10.18-14.48.14:968][726]LogModuleManager: Shutting down and abandoning module MagicLeapAudio (528)
[2025.10.18-14.48.14:968][726]LogModuleManager: Shutting down and abandoning module OodleNetworkHandlerComponent (526)
[2025.10.18-14.48.14:968][726]LogModuleManager: Shutting down and abandoning module SpeedTreeImporter (524)
[2025.10.18-14.48.14:968][726]LogModuleManager: Shutting down and abandoning module PluginBrowser (522)
[2025.10.18-14.48.14:968][726]LogModuleManager: Shutting down and abandoning module MobileLauncherProfileWizard (520)
[2025.10.18-14.48.14:968][726]LogModuleManager: Shutting down and abandoning module MaterialAnalyzer (518)
[2025.10.18-14.48.14:968][726]LogModuleManager: Shutting down and abandoning module CurveEditorTools (516)
[2025.10.18-14.48.14:968][726]LogModuleManager: Shutting down and abandoning module CryptoKeysOpenSSL (514)
[2025.10.18-14.48.14:968][726]LogModuleManager: Shutting down and abandoning module CryptoKeys (512)
[2025.10.18-14.48.14:968][726]LogModuleManager: Shutting down and abandoning module OpenImageDenoise (510)
[2025.10.18-14.48.14:968][726]LogOpenImageDenoise: OIDN shutting down
[2025.10.18-14.48.14:968][726]LogModuleManager: Shutting down and abandoning module MotoSynthEditor (508)
[2025.10.18-14.48.14:968][726]LogModuleManager: Shutting down and abandoning module MotoSynth (506)
[2025.10.18-14.48.14:968][726]LogModuleManager: Shutting down and abandoning module MeshConversion (504)
[2025.10.18-14.48.14:968][726]LogModuleManager: Shutting down and abandoning module DynamicMesh (502)
[2025.10.18-14.48.14:968][726]LogModuleManager: Shutting down and abandoning module GeometryAlgorithms (500)
[2025.10.18-14.48.14:968][726]LogModuleManager: Shutting down and abandoning module GeometricObjects (498)
[2025.10.18-14.48.14:968][726]LogModuleManager: Shutting down and abandoning module GeometryCollectionTracks (496)
[2025.10.18-14.48.14:968][726]LogModuleManager: Shutting down and abandoning module GeometryCollectionSequencer (495)
[2025.10.18-14.48.14:968][726]LogModuleManager: Shutting down and abandoning module GeometryCollectionEditor (492)
[2025.10.18-14.48.14:968][726]LogModuleManager: Shutting down and abandoning module GeometryCacheTracks (490)
[2025.10.18-14.48.14:968][726]LogModuleManager: Shutting down and abandoning module GeometryCacheStreamer (488)
[2025.10.18-14.48.14:968][726]LogModuleManager: Shutting down and abandoning module GeometryCacheSequencer (486)
[2025.10.18-14.48.14:968][726]LogModuleManager: Shutting down and abandoning module DatasmithContentEditor (484)
[2025.10.18-14.48.14:968][726]LogModuleManager: Shutting down and abandoning module ChaosNiagara (482)
[2025.10.18-14.48.14:968][726]LogModuleManager: Shutting down and abandoning module ChaosSolverEditor (480)
[2025.10.18-14.48.14:968][726]LogModuleManager: Shutting down and abandoning module FractureEditor (478)
[2025.10.18-14.48.14:968][726]LogModuleManager: Shutting down and abandoning module FieldSystemEngine (477)
[2025.10.18-14.48.14:968][726]LogModuleManager: Shutting down and abandoning module ChaosClothEditor (474)
[2025.10.18-14.48.14:968][726]LogModuleManager: Shutting down and abandoning module BackChannel (472)
[2025.10.18-14.48.14:968][726]LogModuleManager: Shutting down and abandoning module AutomationUtilsEditor (470)
[2025.10.18-14.48.14:968][726]LogModuleManager: Shutting down and abandoning module AutomationUtils (468)
[2025.10.18-14.48.14:968][726]LogModuleManager: Shutting down and abandoning module AlembicImporter (466)
[2025.10.18-14.48.14:969][726]LogModuleManager: Shutting down and abandoning module AlembicLibrary (465)
[2025.10.18-14.48.14:969][726]LogModuleManager: Shutting down and abandoning module GeometryCache (464)
[2025.10.18-14.48.14:969][726]LogModuleManager: Shutting down and abandoning module GeometryCacheEd (463)
[2025.10.18-14.48.14:969][726]LogModuleManager: Shutting down and abandoning module LiveLinkSequencer (458)
[2025.10.18-14.48.14:969][726]LogModuleManager: Shutting down and abandoning module LiveLinkMovieScene (456)
[2025.10.18-14.48.14:969][726]LogModuleManager: Shutting down and abandoning module LiveLinkGraphNode (454)
[2025.10.18-14.48.14:969][726]LogModuleManager: Shutting down and abandoning module LiveLinkEditor (452)
[2025.10.18-14.48.14:969][726]LogModuleManager: Shutting down and abandoning module LiveLinkComponents (450)
[2025.10.18-14.48.14:969][726]LogModuleManager: Shutting down and abandoning module LiveLink (448)
[2025.10.18-14.48.15:925][726]LogModuleManager: Shutting down and abandoning module VisualStudioCodeSourceCodeAccess (446)
[2025.10.18-14.48.15:925][726]LogModuleManager: Shutting down and abandoning module VisualStudioSourceCodeAccess (444)
[2025.10.18-14.48.15:925][726]LogModuleManager: Shutting down and abandoning module UObjectPlugin (442)
[2025.10.18-14.48.15:925][726]LogModuleManager: Shutting down and abandoning module RiderSourceCodeAccess (440)
[2025.10.18-14.48.15:925][726]LogModuleManager: Shutting down and abandoning module SubversionSourceControl (438)
[2025.10.18-14.48.15:925][726]LogModuleManager: Shutting down and abandoning module PluginUtils (436)
[2025.10.18-14.48.15:925][726]LogModuleManager: Shutting down and abandoning module PlasticSourceControl (434)
[2025.10.18-14.48.15:925][726]LogModuleManager: Shutting down and abandoning module PerforceSourceControl (432)
[2025.10.18-14.48.15:925][726]LogModuleManager: Shutting down and abandoning module GitSourceControl (430)
[2025.10.18-14.48.15:925][726]LogModuleManager: Shutting down and abandoning module SourceControl (429)
[2025.10.18-14.48.15:925][726]LogModuleManager: Shutting down and abandoning module AnimationSharingEd (426)
[2025.10.18-14.48.15:925][726]LogModuleManager: Shutting down and abandoning module CLionSourceCodeAccess (424)
[2025.10.18-14.48.15:925][726]LogModuleManager: Shutting down and abandoning module LightPropagationVolumeEditor (422)
[2025.10.18-14.48.15:925][726]LogModuleManager: Shutting down and abandoning module PaperTiledImporter (420)
[2025.10.18-14.48.15:926][726]LogModuleManager: Shutting down and abandoning module PaperSpriteSheetImporter (418)
[2025.10.18-14.48.15:926][726]LogModuleManager: Shutting down and abandoning module Paper2DEditor (416)
[2025.10.18-14.48.15:926][726]LogModuleManager: Shutting down and abandoning module MeshPaintingToolset (414)
[2025.10.18-14.48.15:926][726]LogModuleManager: Shutting down and abandoning module MeshPaintEditorMode (412)
[2025.10.18-14.48.15:926][726]LogModuleManager: Shutting down and abandoning module SoundFields (410)
[2025.10.18-14.48.15:926][726]LogModuleManager: Shutting down and abandoning module SignificanceManager (408)
[2025.10.18-14.48.15:926][726]LogModuleManager: Shutting down and abandoning module RuntimePhysXCooking (406)
[2025.10.18-14.48.15:926][726]LogModuleManager: Shutting down and abandoning module PropertyAccessEditor (404)
[2025.10.18-14.48.15:926][726]LogModuleManager: Shutting down and abandoning module PhysXVehiclesEditor (402)
[2025.10.18-14.48.15:926][726]LogModuleManager: Shutting down and abandoning module LocationServicesBPLibrary (398)
[2025.10.18-14.48.15:926][726]LogModuleManager: Shutting down and abandoning module AudioSynesthesia (396)
[2025.10.18-14.48.15:926][726]LogModuleManager: Shutting down and abandoning module AudioSynesthesiaCore (394)
[2025.10.18-14.48.15:926][726]LogModuleManager: Shutting down and abandoning module UdpMessaging (392)
[2025.10.18-14.48.16:027][726]LogModuleManager: Shutting down and abandoning module TcpMessaging (390)
[2025.10.18-14.48.16:128][726]LogModuleManager: Shutting down and abandoning module ActorSequence (388)
[2025.10.18-14.48.16:128][726]LogModuleManager: Shutting down and abandoning module NiagaraAnimNotifies (386)
[2025.10.18-14.48.16:128][726]LogModuleManager: Shutting down and abandoning module Niagara (384)
[2025.10.18-14.48.16:128][726]LogModuleManager: Shutting down and abandoning module SignalProcessing (383)
[2025.10.18-14.48.16:128][726]LogModuleManager: Shutting down and abandoning module NiagaraEditor (381)
[2025.10.18-14.48.16:128][726]LogModuleManager: Shutting down and abandoning module NiagaraCore (378)
[2025.10.18-14.48.16:128][726]LogModuleManager: Shutting down and abandoning module ImgMediaEngine (376)
[2025.10.18-14.48.16:128][726]LogModuleManager: Shutting down and abandoning module MagicLeapARPin (374)
[2025.10.18-14.48.16:128][726]LogModuleManager: Shutting down and abandoning module MagicLeapHandMeshing (372)
[2025.10.18-14.48.16:128][726]LogModuleManager: Shutting down and abandoning module MagicLeapSecureStorage (370)
[2025.10.18-14.48.16:128][726]LogModuleManager: Shutting down and abandoning module MagicLeapPrivileges (368)
[2025.10.18-14.48.16:128][726]LogModuleManager: Shutting down and abandoning module MagicLeapPlanes (366)
[2025.10.18-14.48.16:128][726]LogMagicLeapPlanes: Planes tracker already destroyed.
[2025.10.18-14.48.16:128][726]LogModuleManager: Shutting down and abandoning module MagicLeapImageTracker (364)
[2025.10.18-14.48.16:128][726]LogModuleManager: Shutting down and abandoning module MagicLeapIdentity (362)
[2025.10.18-14.48.16:128][726]LogModuleManager: Shutting down and abandoning module MagicLeapHandTracking (360)
[2025.10.18-14.48.16:128][726]LogModuleManager: Shutting down and abandoning module MagicLeapEyeTracker (358)
[2025.10.18-14.48.16:128][726]LogModuleManager: Shutting down and abandoning module MagicLeapController (356)
[2025.10.18-14.48.16:128][726]LogModuleManager: Shutting down and abandoning module MagicLeapARPinImpl (354)
[2025.10.18-14.48.16:128][726]LogModuleManager: Shutting down and abandoning module MagicLeapAR (352)
[2025.10.18-14.48.16:128][726]LogModuleManager: Shutting down and abandoning module GameplayTagsEditor (350)
[2025.10.18-14.48.16:128][726]LogModuleManager: Shutting down and abandoning module FacialAnimationEditor (348)
[2025.10.18-14.48.16:128][726]LogModuleManager: Shutting down and abandoning module FacialAnimation (346)
[2025.10.18-14.48.16:128][726]LogModuleManager: Shutting down and abandoning module DataValidation (344)
[2025.10.18-14.48.16:128][726]LogModuleManager: Shutting down and abandoning module AssetManagerEditor (342)
[2025.10.18-14.48.16:128][726]LogModuleManager: Shutting down and abandoning module LevelEditor (341)
[2025.10.18-14.48.16:129][726]LogModuleManager: Shutting down and abandoning module PixelInspectorModule (340)
[2025.10.18-14.48.16:129][726]LogModuleManager: Shutting down and abandoning module CommonMenuExtensions (338)
[2025.10.18-14.48.16:129][726]LogModuleManager: Shutting down and abandoning module MainFrame (336)
[2025.10.18-14.48.16:129][726]LogModuleManager: Shutting down and abandoning module HotReload (335)
[2025.10.18-14.48.16:129][726]LogModuleManager: Shutting down and abandoning module ToolMenus (331)
[2025.10.18-14.48.16:129][726]LogModuleManager: Shutting down and abandoning module ContentBrowser (329)
[2025.10.18-14.48.16:129][726]LogModuleManager: Shutting down and abandoning module ContentBrowserData (328)
[2025.10.18-14.48.16:129][726]LogModuleManager: Shutting down and abandoning module TreeMap (325)
[2025.10.18-14.48.16:129][726]LogModuleManager: Shutting down and abandoning module PythonScriptPlugin (322)
[2025.10.18-14.48.16:129][726]LogModuleManager: Shutting down and abandoning module GameplayCameras (320)
[2025.10.18-14.48.16:129][726]LogModuleManager: Shutting down and abandoning module PropertyAccessNode (318)
[2025.10.18-14.48.16:129][726]LogModuleManager: Shutting down and abandoning module AnimationSharing (316)
[2025.10.18-14.48.16:129][726]LogModuleManager: Shutting down and abandoning module LightPropagationVolumeRuntime (314)
[2025.10.18-14.48.16:129][726]LogModuleManager: Shutting down and abandoning module EnvironmentQueryEditor (312)
[2025.10.18-14.48.16:129][726]LogModuleManager: Shutting down and abandoning module Paper2D (310)
[2025.10.18-14.48.16:129][726]LogModuleManager: Shutting down and abandoning module WindowsMoviePlayer (308)
[2025.10.18-14.48.16:130][726]LogModuleManager: Shutting down and abandoning module WebMMoviePlayer (306)
[2025.10.18-14.48.16:130][726]LogModuleManager: Shutting down and abandoning module NetworkReplayStreaming (304)
[2025.10.18-14.48.16:130][726]LogModuleManager: Shutting down and abandoning module PacketHandler (302)
[2025.10.18-14.48.16:130][726]LogModuleManager: Shutting down and abandoning module ClothingSystemEditor (300)
[2025.10.18-14.48.16:130][726]LogModuleManager: Shutting down and abandoning module ClothingSystemRuntimeNv (298)
[2025.10.18-14.48.16:130][726]LogModuleManager: Shutting down and abandoning module MediaAssets (296)
[2025.10.18-14.48.16:130][726]LogModuleManager: Shutting down and abandoning module Overlay (294)
[2025.10.18-14.48.16:130][726]LogModuleManager: Shutting down and abandoning module OverlayEditor (293)
[2025.10.18-14.48.16:130][726]LogModuleManager: Shutting down and abandoning module VREditor (290)
[2025.10.18-14.48.16:130][726]LogModuleManager: Shutting down and abandoning module StringTableEditor (288)
[2025.10.18-14.48.16:130][726]LogModuleManager: Shutting down and abandoning module GameplayTasksEditor (286)
[2025.10.18-14.48.16:130][726]LogModuleManager: Shutting down and abandoning module BehaviorTreeEditor (284)
[2025.10.18-14.48.16:130][726]LogModuleManager: Shutting down and abandoning module FunctionalTesting (282)
[2025.10.18-14.48.16:130][726]LogModuleManager: Shutting down and abandoning module CollisionAnalyzer (280)
[2025.10.18-14.48.16:130][726]LogModuleManager: Shutting down and abandoning module WorkspaceMenuStructure (279)
[2025.10.18-14.48.16:130][726]LogModuleManager: Shutting down and abandoning module UMG (276)
[2025.10.18-14.48.16:130][726]LogModuleManager: Shutting down and abandoning module UMGEditor (275)
[2025.10.18-14.48.16:130][726]LogModuleManager: Shutting down and abandoning module MessageLog (273)
[2025.10.18-14.48.16:130][726]LogModuleManager: Shutting down and abandoning module SlateReflector (268)
[2025.10.18-14.48.16:130][726]LogModuleManager: Shutting down and abandoning module Slate (266)
[2025.10.18-14.48.16:130][726]LogModuleManager: Shutting down and abandoning module SlateCore (264)
[2025.10.18-14.48.16:131][726]LogModuleManager: Shutting down and abandoning module LandscapeEditorUtilities (262)
[2025.10.18-14.48.16:131][726]LogModuleManager: Shutting down and abandoning module UnrealEd (260)
[2025.10.18-14.48.16:131][726]LogModuleManager: Shutting down and abandoning module MRMesh (258)
[2025.10.18-14.48.16:131][726]LogModuleManager: Shutting down and abandoning module SourceCodeAccess (256)
[2025.10.18-14.48.16:131][726]LogModuleManager: Shutting down and abandoning module HeadMountedDisplay (254)
[2025.10.18-14.48.16:131][726]LogModuleManager: Shutting down and abandoning module XAudio2 (252)
[2025.10.18-14.48.16:131][726]LogModuleManager: Shutting down and abandoning module Networking (250)
[2025.10.18-14.48.16:131][726]LogModuleManager: Shutting down and abandoning module Core (248)
[2025.10.18-14.48.16:131][726]LogModuleManager: Shutting down and abandoning module MaterialEditor (246)
[2025.10.18-14.48.16:131][726]LogModuleManager: Shutting down and abandoning module MovieSceneTools (244)
[2025.10.18-14.48.16:131][726]LogModuleManager: Shutting down and abandoning module CurveEditor (243)
[2025.10.18-14.48.16:131][726]LogModuleManager: Shutting down and abandoning module Sequencer (241)
[2025.10.18-14.48.16:131][726]LogModuleManager: Shutting down and abandoning module EditorStyle (240)
[2025.10.18-14.48.16:131][726]LogModuleManager: Shutting down and abandoning module KismetCompiler (236)
[2025.10.18-14.48.16:131][726]LogModuleManager: Shutting down and abandoning module MeshBuilder (234)
[2025.10.18-14.48.16:131][726]LogModuleManager: Shutting down and abandoning module MeshUtilities (232)
[2025.10.18-14.48.16:131][726]LogModuleManager: Shutting down and abandoning module MeshMergeUtilities (231)
[2025.10.18-14.48.16:131][726]LogModuleManager: Shutting down and abandoning module MeshReductionInterface (230)
[2025.10.18-14.48.16:131][726]LogModuleManager: Shutting down and abandoning module MeshBoneReduction (229)
[2025.10.18-14.48.16:131][726]LogModuleManager: Shutting down and abandoning module SkeletalMeshReduction (227)
[2025.10.18-14.48.16:131][726]LogModuleManager: Shutting down and abandoning module ProxyLODMeshReduction (225)
[2025.10.18-14.48.16:132][726]LogModuleManager: Shutting down and abandoning module QuadricMeshReduction (223)
[2025.10.18-14.48.16:132][726]LogModuleManager: Shutting down and abandoning module MaterialBaking (219)
[2025.10.18-14.48.16:132][726]LogModuleManager: Shutting down and abandoning module NullInstallBundleManager (214)
[2025.10.18-14.48.16:132][726]LogModuleManager: Shutting down and abandoning module DerivedDataCache (212)
[2025.10.18-14.48.16:132][726]LogModuleManager: Shutting down and abandoning module TargetPlatform (210)
[2025.10.18-14.48.16:132][726]LogModuleManager: Shutting down and abandoning module VulkanShaderFormat (209)
[2025.10.18-14.48.16:132][726]LogModuleManager: Shutting down and abandoning module ShaderFormatVectorVM (207)
[2025.10.18-14.48.16:132][726]LogModuleManager: Shutting down and abandoning module ShaderFormatOpenGL (205)
[2025.10.18-14.48.16:132][726]LogModuleManager: Shutting down and abandoning module ShaderFormatD3D (203)
[2025.10.18-14.48.16:132][726]LogModuleManager: Shutting down and abandoning module MetalShaderFormat (201)
[2025.10.18-14.48.16:132][726]LogModuleManager: Shutting down and abandoning module TextureFormatOodle (199)
[2025.10.18-14.48.16:132][726]LogModuleManager: Shutting down and abandoning module TextureFormatUncompressed (197)
[2025.10.18-14.48.16:132][726]LogModuleManager: Shutting down and abandoning module TextureFormatPVR (195)
[2025.10.18-14.48.16:132][726]LogModuleManager: Shutting down and abandoning module TextureFormatETC2 (193)
[2025.10.18-14.48.16:132][726]LogModuleManager: Shutting down and abandoning module TextureFormatDXT (191)
[2025.10.18-14.48.16:132][726]LogModuleManager: Shutting down and abandoning module TextureFormatIntelISPCTexComp (189)
[2025.10.18-14.48.16:132][726]LogModuleManager: Shutting down and abandoning module TextureFormatASTC (187)
[2025.10.18-14.48.16:132][726]LogModuleManager: Shutting down and abandoning module ImageWrapper (186)
[2025.10.18-14.48.16:132][726]LogModuleManager: Shutting down and abandoning module AudioFormatOpus (183)
[2025.10.18-14.48.16:132][726]LogModuleManager: Shutting down and abandoning module AudioFormatOgg (181)
[2025.10.18-14.48.16:132][726]LogModuleManager: Shutting down and abandoning module AudioFormatADPCM (179)
[2025.10.18-14.48.16:132][726]LogModuleManager: Shutting down and abandoning module WindowsServerTargetPlatform (177)
[2025.10.18-14.48.16:132][726]LogModuleManager: Shutting down and abandoning module WindowsClientTargetPlatform (175)
[2025.10.18-14.48.16:132][726]LogModuleManager: Shutting down and abandoning module WindowsTargetPlatform (173)
[2025.10.18-14.48.16:132][726]LogModuleManager: Shutting down and abandoning module WindowsNoEditorTargetPlatform (171)
[2025.10.18-14.48.16:132][726]LogModuleManager: Shutting down and abandoning module TVOSTargetPlatform (169)
[2025.10.18-14.48.16:132][726]LogModuleManager: Shutting down and abandoning module MacServerTargetPlatform (167)
[2025.10.18-14.48.16:132][726]LogModuleManager: Shutting down and abandoning module MacClientTargetPlatform (165)
[2025.10.18-14.48.16:132][726]LogModuleManager: Shutting down and abandoning module MacTargetPlatform (163)
[2025.10.18-14.48.16:132][726]LogModuleManager: Shutting down and abandoning module MacNoEditorTargetPlatform (161)
[2025.10.18-14.48.16:132][726]LogModuleManager: Shutting down and abandoning module LuminTargetPlatform (159)
[2025.10.18-14.48.16:133][726]LogModuleManager: Shutting down and abandoning module LinuxAArch64ServerTargetPlatform (157)
[2025.10.18-14.48.16:133][726]LogModuleManager: Shutting down and abandoning module LinuxAArch64ClientTargetPlatform (155)
[2025.10.18-14.48.16:133][726]LogModuleManager: Shutting down and abandoning module LinuxAArch64NoEditorTargetPlatform (153)
[2025.10.18-14.48.16:133][726]LogModuleManager: Shutting down and abandoning module LinuxServerTargetPlatform (151)
[2025.10.18-14.48.16:133][726]LogModuleManager: Shutting down and abandoning module LinuxClientTargetPlatform (149)
[2025.10.18-14.48.16:133][726]LogModuleManager: Shutting down and abandoning module LinuxNoEditorTargetPlatform (147)
[2025.10.18-14.48.16:133][726]LogModuleManager: Shutting down and abandoning module LinuxTargetPlatform (145)
[2025.10.18-14.48.16:133][726]LogModuleManager: Shutting down and abandoning module Messaging (143)
[2025.10.18-14.48.16:133][726]LogModuleManager: Shutting down and abandoning module IOSTargetPlatform (141)
[2025.10.18-14.48.16:133][726]LogModuleManager: Shutting down and abandoning module AndroidTargetPlatform (139)
[2025.10.18-14.48.16:134][726]LogModuleManager: Shutting down and abandoning module AllDesktopTargetPlatform (137)
[2025.10.18-14.48.16:134][726]LogModuleManager: Shutting down and abandoning module D3D11RHI (134)
[2025.10.18-14.48.16:134][726]LogModuleManager: Shutting down and abandoning module InputCore (132)
[2025.10.18-14.48.16:134][726]LogModuleManager: Shutting down and abandoning module Settings (130)
[2025.10.18-14.48.16:134][726]LogModuleManager: Shutting down and abandoning module DirectoryWatcher (128)
[2025.10.18-14.48.16:135][726]LogModuleManager: Shutting down and abandoning module PhysXCooking (126)
[2025.10.18-14.48.16:135][726]LogModuleManager: Shutting down and abandoning module Chaos (124)
[2025.10.18-14.48.16:135][726]LogModuleManager: Shutting down and abandoning module WindowsPlatformFeatures (122)
[2025.10.18-14.48.16:135][726]LogModuleManager: Shutting down and abandoning module GameplayMediaEncoder (121)
[2025.10.18-14.48.16:135][726]LogModuleManager: Shutting down and abandoning module AVEncoder (120)
[2025.10.18-14.48.16:135][726]LogModuleManager: Shutting down and abandoning module SteamVRInputDevice (116)
[2025.10.18-14.48.16:135][726]LogModuleManager: Shutting down and abandoning module SteamVRInput (114)
[2025.10.18-14.48.16:135][726]LogModuleManager: Shutting down and abandoning module SteamVR (112)
[2025.10.18-14.48.16:135][726]LogHMD: Freeing OpenVRDLLHandle.
[2025.10.18-14.48.16:135][726]LogModuleManager: Shutting down and abandoning module OculusHMD (110)
[2025.10.18-14.48.16:135][726]LogModuleManager: Shutting down and abandoning module VariantManagerContent (108)
[2025.10.18-14.48.16:135][726]LogModuleManager: Shutting down and abandoning module OpenXRHandTracking (106)
[2025.10.18-14.48.16:135][726]LogSlate: Slate User Destroyed.  User Index 0, Is Virtual User: 0
[2025.10.18-14.48.16:135][726]LogModuleManager: Shutting down and abandoning module OpenXREyeTracker (104)
[2025.10.18-14.48.16:135][726]LogModuleManager: Shutting down and abandoning module OpenXRAR (102)
[2025.10.18-14.48.16:135][726]LogModuleManager: Shutting down and abandoning module AugmentedReality (101)
[2025.10.18-14.48.16:135][726]LogModuleManager: Shutting down and abandoning module OpenXRHMD (98)
[2025.10.18-14.48.16:135][726]LogModuleManager: Shutting down and abandoning module ExampleDeviceProfileSelector (96)
[2025.10.18-14.48.16:135][726]LogModuleManager: Shutting down and abandoning module ChunkDownloader (94)
[2025.10.18-14.48.16:135][726]LogModuleManager: Shutting down and abandoning module LauncherChunkInstaller (92)
[2025.10.18-14.48.16:135][726]LogModuleManager: Shutting down and abandoning module NiagaraVertexFactories (90)
[2025.10.18-14.48.16:135][726]LogModuleManager: Shutting down and abandoning module NiagaraShader (88)
[2025.10.18-14.48.16:135][726]LogModuleManager: Shutting down and abandoning module OnlineBlueprintSupport (86)
[2025.10.18-14.48.16:135][726]LogModuleManager: Shutting down and abandoning module OnlineSubsystem (82)
[2025.10.18-14.48.16:136][726]LogModuleManager: Shutting down and abandoning module XMPP (77)
[2025.10.18-14.48.16:136][726]LogModuleManager: Shutting down and abandoning module WebSockets (76)
[2025.10.18-14.48.16:147][726]LogModuleManager: Shutting down and abandoning module HTTP (73)
[2025.10.18-14.48.16:147][726]LogHttp: Display: Http module shutting down, but needs to wait on 1 outstanding Http requests:
[2025.10.18-14.48.16:147][726]LogHttp: Display: 	verb=[POST] url=[https://datarouter.ol.epicgames.com/datarouter/api/v1/public/data?SessionID=%7BF7C14ABE-447D-74B4-1201-70AEDA373F8C%7D&AppID=UEEditor.Rocket.Release&AppVersion=4.27.2-18319896%2B%2B%2BUE4%2BRelease-4.27&UserID=9062d9c348a2df0eec8600a9d11b7c53%7Cf4dca9ad26044d4bb8e854493f27655c%7C7ca3d56d-2868-46b0-8665-851c9564e295&AppEnvironment=datacollector-binary&UploadType=eteventstream] refs=[1] status=Processing
[2025.10.18-14.48.16:147][726]LogHttp: Display: cleaning up 1 outstanding Http requests.
[2025.10.18-14.48.16:173][726]LogModuleManager: Shutting down and abandoning module SSL (72)
[2025.10.18-14.48.16:173][726]LogModuleManager: Shutting down and abandoning module WmfMedia (68)
[2025.10.18-14.48.16:175][726]LogModuleManager: Shutting down and abandoning module Media (67)
[2025.10.18-14.48.16:175][726]LogModuleManager: Shutting down and abandoning module MediaInfo (66)
[2025.10.18-14.48.16:175][726]LogModuleManager: Shutting down and abandoning module ExrReaderGpu (62)
[2025.10.18-14.48.16:175][726]LogModuleManager: Shutting down and abandoning module MLSDK (60)
[2025.10.18-14.48.16:175][726]LogModuleManager: Shutting down and abandoning module MagicLeap (58)
[2025.10.18-14.48.16:175][726]LogModuleManager: Shutting down and abandoning module DatasmithContent (56)
[2025.10.18-14.48.16:175][726]LogModuleManager: Shutting down and abandoning module ChaosCloth (54)
[2025.10.18-14.48.16:175][726]LogModuleManager: Shutting down and abandoning module PixWinPlugin (52)
[2025.10.18-14.48.16:175][726]LogModuleManager: Shutting down and abandoning module AISupportModule (50)
[2025.10.18-14.48.16:176][726]LogModuleManager: Shutting down and abandoning module DesktopPlatform (48)
[2025.10.18-14.48.16:176][726]LogModuleManager: Shutting down and abandoning module OodleDataCompressionFormat (46)
[2025.10.18-14.48.16:176][726]LogModuleManager: Shutting down and abandoning module PythonScriptPluginPreload (44)
[2025.10.18-14.48.16:176][726]LogModuleManager: Shutting down and abandoning module PlatformCryptoOpenSSL (42)
[2025.10.18-14.48.16:176][726]LogModuleManager: Shutting down and abandoning module PlatformCryptoTypes (40)
[2025.10.18-14.48.16:176][726]LogModuleManager: Shutting down and abandoning module PlatformCrypto (38)
[2025.10.18-14.48.16:176][726]LogModuleManager: Shutting down and abandoning module XGEController (36)
[2025.10.18-14.48.16:176][726]LogModuleManager: Shutting down and abandoning module AnimationModifiers (34)
[2025.10.18-14.48.16:176][726]LogModuleManager: Shutting down and abandoning module AudioEditor (32)
[2025.10.18-14.48.16:176][726]LogModuleManager: Shutting down and abandoning module PropertyEditor (31)
[2025.10.18-14.48.16:176][726]LogModuleManager: Shutting down and abandoning module TextureCompressor (28)
[2025.10.18-14.48.16:176][726]LogModuleManager: Shutting down and abandoning module RenderCore (26)
[2025.10.18-14.48.16:176][726]LogModuleManager: Shutting down and abandoning module Landscape (24)
[2025.10.18-14.48.16:176][726]LogModuleManager: Shutting down and abandoning module SlateRHIRenderer (22)
[2025.10.18-14.48.16:176][726]LogModuleManager: Shutting down and abandoning module AnimGraphRuntime (20)
[2025.10.18-14.48.16:176][726]LogModuleManager: Shutting down and abandoning module Renderer (18)
[2025.10.18-14.48.16:176][726]LogModuleManager: Shutting down and abandoning module Engine (16)
[2025.10.18-14.48.16:176][726]LogModuleManager: Shutting down and abandoning module CoreUObject (14)
[2025.10.18-14.48.16:176][726]LogModuleManager: Shutting down and abandoning module NetworkFile (12)
[2025.10.18-14.48.16:176][726]LogModuleManager: Shutting down and abandoning module CookedIterativeFile (10)
[2025.10.18-14.48.16:176][726]LogModuleManager: Shutting down and abandoning module StreamingFile (8)
[2025.10.18-14.48.16:176][726]LogModuleManager: Shutting down and abandoning module SandboxFile (6)
[2025.10.18-14.48.16:176][726]LogModuleManager: Shutting down and abandoning module PakFile (4)
[2025.10.18-14.48.16:176][726]LogModuleManager: Shutting down and abandoning module RSA (3)
[2025.10.18-14.48.16:253][726]LogContentStreaming: Display: There are 1 unreleased StreamingManagers
[2025.10.18-14.48.16:267][726]LogD3D11RHI: Shutdown
[2025.10.18-14.48.16:267][726]LogD3D11RHI: CleanupD3DDevice
[2025.10.18-14.48.16:268][726]LogExit: Exiting.
[2025.10.18-14.48.16:273][726]Log file closed, 10/18/25 22:48:16
